Filename,File Size,Creation Date,Width,Height,DPI_X,DPI_Y,Original Path
gptjunk.png,427.64 KB,04-14-26,586,620,299.9994,299.9994,/Users/steven/diGiTaLdiVe/gptjunk.png
22.png,547.82 KB,04-14-26,1019,458,299.9994,299.9994,/Users/steven/diGiTaLdiVe/22.png
22_0.png,242.58 KB,04-14-26,509,458,299.9994,299.9994,/Users/steven/diGiTaLdiVe/22_0.png
22_1.png,303.82 KB,04-14-26,509,458,299.9994,299.9994,/Users/steven/diGiTaLdiVe/22_1.png
1gptjunk.png,447.60 KB,04-14-26,900,617,299.9994,299.9994,/Users/steven/diGiTaLdiVe/1gptjunk.png
2_1.png,258.96 KB,04-14-26,512,487,,,/Users/steven/diGiTaLdiVe/2_1.png
2_0.png,210.01 KB,04-14-26,512,487,,,/Users/steven/diGiTaLdiVe/2_0.png
2.png,532.11 KB,04-14-26,1024,487,299.9994,299.9994,/Users/steven/diGiTaLdiVe/2.png
colors.png,12.67 KB,04-11-26,190,150,,,/Users/steven/diGiTaLdiVe/gumroad/gumroad/app/assets/images/colors.png
pdf_stamp.png,2.18 KB,04-11-26,125,125,72.009,72.009,/Users/steven/diGiTaLdiVe/gumroad/gumroad/app/assets/images/pdf_stamp.png
cover_placeholder_uploading@2x.png,13.18 KB,04-11-26,1340,754,,,/Users/steven/diGiTaLdiVe/gumroad/gumroad/app/assets/images/cover_placeholder_uploading@2x.png
chosen-sprite@2x.png,738.00 B,04-11-26,104,74,,,/Users/steven/diGiTaLdiVe/gumroad/gumroad/app/assets/images/chosen-sprite@2x.png
user-avatar.png,2.48 KB,04-11-26,184,184,288.0106,288.0106,/Users/steven/diGiTaLdiVe/gumroad/gumroad/app/assets/images/user-avatar.png
empty.png,15.58 KB,04-11-26,780,360,,,/Users/steven/diGiTaLdiVe/gumroad/gumroad/app/assets/images/empty.png
opengraph_image.png,26.91 KB,04-11-26,1200,627,,,/Users/steven/diGiTaLdiVe/gumroad/gumroad/app/assets/images/opengraph_image.png
select_dropdown_indicator_light.png,443.00 B,04-11-26,40,40,,,/Users/steven/diGiTaLdiVe/gumroad/gumroad/app/assets/images/select_dropdown_indicator_light.png
construction.gif,3.46 KB,04-11-26,266,266,,,/Users/steven/diGiTaLdiVe/gumroad/gumroad/app/assets/images/construction.gif
white-15.png,439.00 B,04-11-26,15,15,,,/Users/steven/diGiTaLdiVe/gumroad/gumroad/app/assets/images/white-15.png
background_placeholder.jpg,853.00 B,04-11-26,263,140,72,72,/Users/steven/diGiTaLdiVe/gumroad/gumroad/app/assets/images/background_placeholder.jpg
loading-spinner.png,1.37 KB,04-11-26,34,34,,,/Users/steven/diGiTaLdiVe/gumroad/gumroad/app/assets/images/loading-spinner.png
cover_placeholder.png,16.44 KB,04-11-26,670,400,,,/Users/steven/diGiTaLdiVe/gumroad/gumroad/app/assets/images/cover_placeholder.png
select_dropdown_indicator_dark.png,575.00 B,04-11-26,40,40,72.009,72.009,/Users/steven/diGiTaLdiVe/gumroad/gumroad/app/assets/images/select_dropdown_indicator_dark.png
kindle-button-gradient.png,207.00 B,04-11-26,2,21,72.009,72.009,/Users/steven/diGiTaLdiVe/gumroad/gumroad/app/assets/images/kindle-button-gradient.png
loading.gif,1.63 KB,04-11-26,16,16,,,/Users/steven/diGiTaLdiVe/gumroad/gumroad/app/assets/images/loading.gif
gumroad_app.png,13.70 KB,04-11-26,320,320,72.009,72.009,/Users/steven/diGiTaLdiVe/gumroad/gumroad/app/assets/images/gumroad_app.png
chosen-sprite.png,538.00 B,04-11-26,52,37,,,/Users/steven/diGiTaLdiVe/gumroad/gumroad/app/assets/images/chosen-sprite.png
overlay-loader.gif,1.77 KB,04-11-26,32,32,,,/Users/steven/diGiTaLdiVe/gumroad/gumroad/app/assets/images/overlay-loader.gif
search.png,3.64 KB,04-11-26,16,16,72.009,72.009,/Users/steven/diGiTaLdiVe/gumroad/gumroad/app/assets/images/search.png
big-loading.gif,1.77 KB,04-11-26,32,32,,,/Users/steven/diGiTaLdiVe/gumroad/gumroad/app/assets/images/big-loading.gif
dashboard-audience.png,31.20 KB,04-11-26,940,732,72.009,72.009,/Users/steven/diGiTaLdiVe/gumroad/gumroad/app/assets/images/dashboard-audience.png
tipsy.png,349.00 B,04-11-26,9,9,72.009,72.009,/Users/steven/diGiTaLdiVe/gumroad/gumroad/app/assets/images/tipsy.png
icons.png,31.73 KB,04-11-26,432,656,72.009,72.009,/Users/steven/diGiTaLdiVe/gumroad/gumroad/app/assets/images/icons.png
grid_background.png,174.00 B,04-11-26,93,93,,,/Users/steven/diGiTaLdiVe/gumroad/gumroad/app/assets/images/grid_background.png
Logos.png,11.62 KB,04-11-26,909,233,108.0008,108.0008,/Users/steven/diGiTaLdiVe/gumroad/gumroad/app/assets/images/Logos.png
cover_placeholder_dark.png,1.13 KB,04-11-26,670,400,,,/Users/steven/diGiTaLdiVe/gumroad/gumroad/app/assets/images/cover_placeholder_dark.png
gumroad-default-avatar-5.png,2.09 KB,04-11-26,180,180,72.009,72.009,/Users/steven/diGiTaLdiVe/gumroad/gumroad/app/assets/images/gumroad-default-avatar-5.png
cover_placeholder_uploading.png,10.98 KB,04-11-26,670,377,,,/Users/steven/diGiTaLdiVe/gumroad/gumroad/app/assets/images/cover_placeholder_uploading.png
jobs_sprite.png,22.50 KB,04-11-26,1250,87,72.009,72.009,/Users/steven/diGiTaLdiVe/gumroad/gumroad/app/assets/images/jobs_sprite.png
spinner.png,398.00 B,04-11-26,10,10,72.009,72.009,/Users/steven/diGiTaLdiVe/gumroad/gumroad/app/assets/images/spinner.png
header_bar.png,146.00 B,04-11-26,711,1,,,/Users/steven/diGiTaLdiVe/gumroad/gumroad/app/assets/images/header_bar.png
sort-reorder-handle.png,893.00 B,04-11-26,20,38,,,/Users/steven/diGiTaLdiVe/gumroad/gumroad/app/assets/images/sort-reorder-handle.png
dashboard-sales.png,32.66 KB,04-11-26,942,933,,,/Users/steven/diGiTaLdiVe/gumroad/gumroad/app/assets/images/dashboard-sales.png
pink-icon.png,1.46 KB,04-11-26,81,81,72.009,72.009,/Users/steven/diGiTaLdiVe/gumroad/gumroad/app/assets/images/pink-icon.png
cover_placeholder@2x.png,28.22 KB,04-11-26,1340,800,,,/Users/steven/diGiTaLdiVe/gumroad/gumroad/app/assets/images/cover_placeholder@2x.png
select_dropdown_indicator_dark_theme.png,523.00 B,04-11-26,18,29,,,/Users/steven/diGiTaLdiVe/gumroad/gumroad/app/assets/images/select_dropdown_indicator_dark_theme.png
guide_sprite.png,22.82 KB,04-11-26,74,1533,72.009,72.009,/Users/steven/diGiTaLdiVe/gumroad/gumroad/app/assets/images/guide/guide_sprite.png
audiobook.png,1.33 KB,04-11-26,80,80,143.99259999999998,143.99259999999998,/Users/steven/diGiTaLdiVe/gumroad/gumroad/app/assets/images/native_types/audiobook.png
physical.png,1.05 KB,04-11-26,80,80,143.99259999999998,143.99259999999998,/Users/steven/diGiTaLdiVe/gumroad/gumroad/app/assets/images/native_types/physical.png
podcast.png,1.43 KB,04-11-26,80,80,143.99259999999998,143.99259999999998,/Users/steven/diGiTaLdiVe/gumroad/gumroad/app/assets/images/native_types/podcast.png
coffee.png,2.01 KB,04-11-26,80,80,143.99259999999998,143.99259999999998,/Users/steven/diGiTaLdiVe/gumroad/gumroad/app/assets/images/native_types/coffee.png
newsletter.png,1.04 KB,04-11-26,80,80,143.99259999999998,143.99259999999998,/Users/steven/diGiTaLdiVe/gumroad/gumroad/app/assets/images/native_types/newsletter.png
ebook.png,1.10 KB,04-11-26,80,80,143.99259999999998,143.99259999999998,/Users/steven/diGiTaLdiVe/gumroad/gumroad/app/assets/images/native_types/ebook.png
digital.png,1.20 KB,04-11-26,80,80,143.99259999999998,143.99259999999998,/Users/steven/diGiTaLdiVe/gumroad/gumroad/app/assets/images/native_types/digital.png
bundle.png,1.27 KB,04-11-26,80,80,,,/Users/steven/diGiTaLdiVe/gumroad/gumroad/app/assets/images/native_types/bundle.png
commission.png,1.73 KB,04-11-26,71,80,143.99259999999998,143.99259999999998,/Users/steven/diGiTaLdiVe/gumroad/gumroad/app/assets/images/native_types/commission.png
course.png,1.27 KB,04-11-26,80,80,143.99259999999998,143.99259999999998,/Users/steven/diGiTaLdiVe/gumroad/gumroad/app/assets/images/native_types/course.png
membership.png,1.42 KB,04-11-26,80,80,143.99259999999998,143.99259999999998,/Users/steven/diGiTaLdiVe/gumroad/gumroad/app/assets/images/native_types/membership.png
call.png,1.69 KB,04-11-26,81,80,143.99259999999998,143.99259999999998,/Users/steven/diGiTaLdiVe/gumroad/gumroad/app/assets/images/native_types/call.png
audiobook.png,4.23 KB,04-11-26,256,256,,,/Users/steven/diGiTaLdiVe/gumroad/gumroad/app/assets/images/native_types/thumbnails/audiobook.png
physical.png,5.73 KB,04-11-26,256,256,,,/Users/steven/diGiTaLdiVe/gumroad/gumroad/app/assets/images/native_types/thumbnails/physical.png
podcast.png,8.50 KB,04-11-26,256,256,,,/Users/steven/diGiTaLdiVe/gumroad/gumroad/app/assets/images/native_types/thumbnails/podcast.png
coffee.png,5.12 KB,04-11-26,364,364,72.009,72.009,/Users/steven/diGiTaLdiVe/gumroad/gumroad/app/assets/images/native_types/thumbnails/coffee.png
newsletter.png,3.01 KB,04-11-26,256,256,,,/Users/steven/diGiTaLdiVe/gumroad/gumroad/app/assets/images/native_types/thumbnails/newsletter.png
ebook.png,6.56 KB,04-11-26,256,256,,,/Users/steven/diGiTaLdiVe/gumroad/gumroad/app/assets/images/native_types/thumbnails/ebook.png
digital.png,6.20 KB,04-11-26,256,256,,,/Users/steven/diGiTaLdiVe/gumroad/gumroad/app/assets/images/native_types/thumbnails/digital.png
bundle.png,5.24 KB,04-11-26,256,256,,,/Users/steven/diGiTaLdiVe/gumroad/gumroad/app/assets/images/native_types/thumbnails/bundle.png
commission.png,6.06 KB,04-11-26,365,365,72.009,72.009,/Users/steven/diGiTaLdiVe/gumroad/gumroad/app/assets/images/native_types/thumbnails/commission.png
course.png,4.99 KB,04-11-26,256,256,,,/Users/steven/diGiTaLdiVe/gumroad/gumroad/app/assets/images/native_types/thumbnails/course.png
membership.png,8.02 KB,04-11-26,256,256,,,/Users/steven/diGiTaLdiVe/gumroad/gumroad/app/assets/images/native_types/thumbnails/membership.png
call.png,5.47 KB,04-11-26,365,365,72.009,72.009,/Users/steven/diGiTaLdiVe/gumroad/gumroad/app/assets/images/native_types/thumbnails/call.png
products-legend.png,1.32 KB,04-11-26,179,39,72.009,72.009,/Users/steven/diGiTaLdiVe/gumroad/gumroad/app/assets/images/orientation/products-legend.png
your-picture.png,1.80 KB,04-11-26,228,84,143.99259999999998,143.99259999999998,/Users/steven/diGiTaLdiVe/gumroad/gumroad/app/assets/images/orientation/your-picture.png
product-card.png,3.34 KB,04-11-26,550,550,143.99259999999998,143.99259999999998,/Users/steven/diGiTaLdiVe/gumroad/gumroad/app/assets/images/orientation/product-card.png
email-capture.png,2.87 KB,04-11-26,624,176,143.99259999999998,143.99259999999998,/Users/steven/diGiTaLdiVe/gumroad/gumroad/app/assets/images/orientation/email-capture.png
noise.png,4.10 KB,04-11-26,57,43,72.009,72.009,/Users/steven/diGiTaLdiVe/gumroad/gumroad/app/assets/images/settings/noise.png
year.png,12.21 KB,04-11-26,500,500,288.0106,288.0106,/Users/steven/diGiTaLdiVe/gumroad/gumroad/app/assets/images/bundles_marketing/year.png
everything.png,13.85 KB,04-11-26,500,500,288.0106,288.0106,/Users/steven/diGiTaLdiVe/gumroad/gumroad/app/assets/images/bundles_marketing/everything.png
best_selling.png,13.94 KB,04-11-26,500,500,288.0106,288.0106,/Users/steven/diGiTaLdiVe/gumroad/gumroad/app/assets/images/bundles_marketing/best_selling.png
discover_category_image.png,272.07 KB,04-11-26,752,752,143.99259999999998,143.99259999999998,/Users/steven/diGiTaLdiVe/gumroad/gumroad/app/assets/images/discover/discover_category_image.png
discover_locations_legend_lines.png,927.00 B,04-11-26,1180,134,,,/Users/steven/diGiTaLdiVe/gumroad/gumroad/app/assets/images/discover/discover_locations_legend_lines.png
dance.jpg,38.21 KB,04-11-26,435,258,72,72,/Users/steven/diGiTaLdiVe/gumroad/gumroad/app/assets/images/discover/category_illustrations_small/dance.jpg
design.jpg,31.16 KB,04-11-26,435,221,72,72,/Users/steven/diGiTaLdiVe/gumroad/gumroad/app/assets/images/discover/category_illustrations_small/design.jpg
merchandise.jpg,45.35 KB,04-11-26,435,243,72,72,/Users/steven/diGiTaLdiVe/gumroad/gumroad/app/assets/images/discover/category_illustrations_small/merchandise.jpg
comics.jpg,39.25 KB,04-11-26,435,236,72,72,/Users/steven/diGiTaLdiVe/gumroad/gumroad/app/assets/images/discover/category_illustrations_small/comics.jpg
games.jpg,38.08 KB,04-11-26,435,229,72,72,/Users/steven/diGiTaLdiVe/gumroad/gumroad/app/assets/images/discover/category_illustrations_small/games.jpg
animation.jpg,26.52 KB,04-11-26,435,261,72,72,/Users/steven/diGiTaLdiVe/gumroad/gumroad/app/assets/images/discover/category_illustrations_small/animation.jpg
drawing.jpg,48.51 KB,04-11-26,435,227,72,72,/Users/steven/diGiTaLdiVe/gumroad/gumroad/app/assets/images/discover/category_illustrations_small/drawing.jpg
music.jpg,60.57 KB,04-11-26,435,241,72,72,/Users/steven/diGiTaLdiVe/gumroad/gumroad/app/assets/images/discover/category_illustrations_small/music.jpg
photography.jpg,50.86 KB,04-11-26,435,232,72,72,/Users/steven/diGiTaLdiVe/gumroad/gumroad/app/assets/images/discover/category_illustrations_small/photography.jpg
crafts.jpg,31.58 KB,04-11-26,435,241,72,72,/Users/steven/diGiTaLdiVe/gumroad/gumroad/app/assets/images/discover/category_illustrations_small/crafts.jpg
comedy.jpg,43.46 KB,04-11-26,435,248,72,72,/Users/steven/diGiTaLdiVe/gumroad/gumroad/app/assets/images/discover/category_illustrations_small/comedy.jpg
sports.jpg,33.01 KB,04-11-26,435,241,72,72,/Users/steven/diGiTaLdiVe/gumroad/gumroad/app/assets/images/discover/category_illustrations_small/sports.jpg
film.jpg,57.70 KB,04-11-26,435,304,72,72,/Users/steven/diGiTaLdiVe/gumroad/gumroad/app/assets/images/discover/category_illustrations_small/film.jpg
food.jpg,36.68 KB,04-11-26,435,237,72,72,/Users/steven/diGiTaLdiVe/gumroad/gumroad/app/assets/images/discover/category_illustrations_small/food.jpg
audio.jpg,23.29 KB,04-11-26,435,228,72,72,/Users/steven/diGiTaLdiVe/gumroad/gumroad/app/assets/images/discover/category_illustrations_small/audio.jpg
education.jpg,46.29 KB,04-11-26,435,232,72,72,/Users/steven/diGiTaLdiVe/gumroad/gumroad/app/assets/images/discover/category_illustrations_small/education.jpg
writing.jpg,17.52 KB,04-11-26,435,243,72,72,/Users/steven/diGiTaLdiVe/gumroad/gumroad/app/assets/images/discover/category_illustrations_small/writing.jpg
software.jpg,45.62 KB,04-11-26,435,270,72,72,/Users/steven/diGiTaLdiVe/gumroad/gumroad/app/assets/images/discover/category_illustrations_small/software.jpg
dance.jpg,45.04 KB,04-11-26,500,500,72,72,/Users/steven/diGiTaLdiVe/gumroad/gumroad/app/assets/images/discover/category_illustrations/dance.jpg
design.jpg,43.89 KB,04-11-26,500,500,72,72,/Users/steven/diGiTaLdiVe/gumroad/gumroad/app/assets/images/discover/category_illustrations/design.jpg
merchandise.jpg,42.50 KB,04-11-26,500,500,72,72,/Users/steven/diGiTaLdiVe/gumroad/gumroad/app/assets/images/discover/category_illustrations/merchandise.jpg
comics.jpg,49.92 KB,04-11-26,500,500,72,72,/Users/steven/diGiTaLdiVe/gumroad/gumroad/app/assets/images/discover/category_illustrations/comics.jpg
games.jpg,45.79 KB,04-11-26,500,500,72,72,/Users/steven/diGiTaLdiVe/gumroad/gumroad/app/assets/images/discover/category_illustrations/games.jpg
animation.jpg,34.91 KB,04-11-26,500,500,72,72,/Users/steven/diGiTaLdiVe/gumroad/gumroad/app/assets/images/discover/category_illustrations/animation.jpg
drawing.jpg,37.77 KB,04-11-26,500,500,72,72,/Users/steven/diGiTaLdiVe/gumroad/gumroad/app/assets/images/discover/category_illustrations/drawing.jpg
music.jpg,38.13 KB,04-11-26,500,500,72,72,/Users/steven/diGiTaLdiVe/gumroad/gumroad/app/assets/images/discover/category_illustrations/music.jpg
photography.jpg,39.54 KB,04-11-26,500,500,72,72,/Users/steven/diGiTaLdiVe/gumroad/gumroad/app/assets/images/discover/category_illustrations/photography.jpg
crafts.jpg,43.21 KB,04-11-26,500,500,72,72,/Users/steven/diGiTaLdiVe/gumroad/gumroad/app/assets/images/discover/category_illustrations/crafts.jpg
comedy.jpg,49.14 KB,04-11-26,500,500,72,72,/Users/steven/diGiTaLdiVe/gumroad/gumroad/app/assets/images/discover/category_illustrations/comedy.jpg
sports.jpg,39.20 KB,04-11-26,500,500,72,72,/Users/steven/diGiTaLdiVe/gumroad/gumroad/app/assets/images/discover/category_illustrations/sports.jpg
film.jpg,42.51 KB,04-11-26,500,500,72,72,/Users/steven/diGiTaLdiVe/gumroad/gumroad/app/assets/images/discover/category_illustrations/film.jpg
food.jpg,47.94 KB,04-11-26,500,500,72,72,/Users/steven/diGiTaLdiVe/gumroad/gumroad/app/assets/images/discover/category_illustrations/food.jpg
audio.jpg,48.96 KB,04-11-26,500,500,72,72,/Users/steven/diGiTaLdiVe/gumroad/gumroad/app/assets/images/discover/category_illustrations/audio.jpg
education.jpg,36.19 KB,04-11-26,500,500,72,72,/Users/steven/diGiTaLdiVe/gumroad/gumroad/app/assets/images/discover/category_illustrations/education.jpg
writing.jpg,40.24 KB,04-11-26,500,500,72,72,/Users/steven/diGiTaLdiVe/gumroad/gumroad/app/assets/images/discover/category_illustrations/writing.jpg
software.jpg,44.49 KB,04-11-26,500,500,72,72,/Users/steven/diGiTaLdiVe/gumroad/gumroad/app/assets/images/discover/category_illustrations/software.jpg
default-avatar-5.png,3.87 KB,04-11-26,180,180,72.009,72.009,/Users/steven/diGiTaLdiVe/gumroad/gumroad/app/assets/images/auth/default-avatar-5.png
background.jpg,1.21 MB,04-11-26,1914,2327,,,/Users/steven/diGiTaLdiVe/gumroad/gumroad/app/assets/images/auth/background.jpg
background.png,90.05 KB,04-11-26,1280,1799,72.009,72.009,/Users/steven/diGiTaLdiVe/gumroad/gumroad/app/assets/images/auth/background.png
hands.png,3.75 KB,04-11-26,84,96,143.99259999999998,143.99259999999998,/Users/steven/diGiTaLdiVe/gumroad/gumroad/app/assets/images/illustrations/hands.png
gift.png,1.16 KB,04-11-26,80,71,143.99259999999998,143.99259999999998,/Users/steven/diGiTaLdiVe/gumroad/gumroad/app/assets/images/illustrations/gift.png
payouts.png,21.56 KB,04-11-26,2024,560,,,/Users/steven/diGiTaLdiVe/gumroad/gumroad/app/assets/images/placeholders/payouts.png
wishlists.png,12.41 KB,04-11-26,2024,632,,,/Users/steven/diGiTaLdiVe/gumroad/gumroad/app/assets/images/placeholders/wishlists.png
taxes.png,75.78 KB,04-11-26,2152,560,143.99259999999998,143.99259999999998,/Users/steven/diGiTaLdiVe/gumroad/gumroad/app/assets/images/placeholders/taxes.png
support.png,167.14 KB,04-11-26,2152,560,72.009,72.009,/Users/steven/diGiTaLdiVe/gumroad/gumroad/app/assets/images/placeholders/support.png
dashboard.png,85.79 KB,04-11-26,2184,605,143.99259999999998,143.99259999999998,/Users/steven/diGiTaLdiVe/gumroad/gumroad/app/assets/images/placeholders/dashboard.png
utm_links_not_found.png,36.22 KB,04-11-26,2024,633,143.99259999999998,143.99259999999998,/Users/steven/diGiTaLdiVe/gumroad/gumroad/app/assets/images/placeholders/utm_links_not_found.png
workflows.png,20.10 KB,04-11-26,2024,560,143.99259999999998,143.99259999999998,/Users/steven/diGiTaLdiVe/gumroad/gumroad/app/assets/images/placeholders/workflows.png
sales.png,46.30 KB,04-11-26,2024,560,143.99259999999998,143.99259999999998,/Users/steven/diGiTaLdiVe/gumroad/gumroad/app/assets/images/placeholders/sales.png
discounts.png,76.71 KB,04-11-26,2024,560,143.99259999999998,143.99259999999998,/Users/steven/diGiTaLdiVe/gumroad/gumroad/app/assets/images/placeholders/discounts.png
product-cover.png,37.32 KB,04-11-26,2010,1200,216.0016,216.0016,/Users/steven/diGiTaLdiVe/gumroad/gumroad/app/assets/images/placeholders/product-cover.png
audience.png,27.31 KB,04-11-26,2024,560,,,/Users/steven/diGiTaLdiVe/gumroad/gumroad/app/assets/images/placeholders/audience.png
upsells.png,20.10 KB,04-11-26,2024,560,143.99259999999998,143.99259999999998,/Users/steven/diGiTaLdiVe/gumroad/gumroad/app/assets/images/placeholders/upsells.png
community.png,27.31 KB,04-11-26,2024,560,,,/Users/steven/diGiTaLdiVe/gumroad/gumroad/app/assets/images/placeholders/community.png
scheduled_posts.png,30.38 KB,04-11-26,2024,560,,,/Users/steven/diGiTaLdiVe/gumroad/gumroad/app/assets/images/placeholders/scheduled_posts.png
library.png,130.51 KB,04-11-26,2024,560,143.99259999999998,143.99259999999998,/Users/steven/diGiTaLdiVe/gumroad/gumroad/app/assets/images/placeholders/library.png
followers.png,40.49 KB,04-11-26,2024,560,143.99259999999998,143.99259999999998,/Users/steven/diGiTaLdiVe/gumroad/gumroad/app/assets/images/placeholders/followers.png
checkout.png,130.51 KB,04-11-26,2024,560,143.99259999999998,143.99259999999998,/Users/steven/diGiTaLdiVe/gumroad/gumroad/app/assets/images/placeholders/checkout.png
wishlists-following.png,15.59 KB,04-11-26,2024,633,72.009,72.009,/Users/steven/diGiTaLdiVe/gumroad/gumroad/app/assets/images/placeholders/wishlists-following.png
affiliated.png,76.71 KB,04-11-26,2024,560,143.99259999999998,143.99259999999998,/Users/steven/diGiTaLdiVe/gumroad/gumroad/app/assets/images/placeholders/affiliated.png
draft_posts.png,30.81 KB,04-11-26,2024,560,,,/Users/steven/diGiTaLdiVe/gumroad/gumroad/app/assets/images/placeholders/draft_posts.png
start-selling.png,5.65 KB,04-11-26,236,160,72.009,72.009,/Users/steven/diGiTaLdiVe/gumroad/gumroad/app/assets/images/placeholders/start-selling.png
published_posts.png,33.51 KB,04-11-26,2024,560,,,/Users/steven/diGiTaLdiVe/gumroad/gumroad/app/assets/images/placeholders/published_posts.png
payouts-pending.png,2.36 KB,04-11-26,136,148,72.009,72.009,/Users/steven/diGiTaLdiVe/gumroad/gumroad/app/assets/images/placeholders/payouts-pending.png
collaborators.png,31.31 KB,04-11-26,2024,560,143.99259999999998,143.99259999999998,/Users/steven/diGiTaLdiVe/gumroad/gumroad/app/assets/images/placeholders/collaborators.png
comic-stars.png,32.14 KB,04-11-26,2024,633,143.99259999999998,143.99259999999998,/Users/steven/diGiTaLdiVe/gumroad/gumroad/app/assets/images/placeholders/comic-stars.png
affiliate-signup-form.png,130.51 KB,04-11-26,2024,560,143.99259999999998,143.99259999999998,/Users/steven/diGiTaLdiVe/gumroad/gumroad/app/assets/images/placeholders/affiliate-signup-form.png
reviews.png,130.51 KB,04-11-26,2024,560,143.99259999999998,143.99259999999998,/Users/steven/diGiTaLdiVe/gumroad/gumroad/app/assets/images/placeholders/reviews.png
customers.png,32.85 KB,04-11-26,2024,560,143.99259999999998,143.99259999999998,/Users/steven/diGiTaLdiVe/gumroad/gumroad/app/assets/images/placeholders/customers.png
utm_links_empty.png,81.32 KB,04-11-26,2024,560,143.99259999999998,143.99259999999998,/Users/steven/diGiTaLdiVe/gumroad/gumroad/app/assets/images/placeholders/utm_links_empty.png
ukulele.png,81.28 KB,04-11-26,968,1214,143.99259999999998,143.99259999999998,/Users/steven/diGiTaLdiVe/gumroad/gumroad/app/assets/images/about/ukulele.png
sell-anywhere.png,45.07 KB,04-11-26,795,838,143.99259999999998,143.99259999999998,/Users/steven/diGiTaLdiVe/gumroad/gumroad/app/assets/images/about/sell-anywhere.png
patterns.png,6.51 KB,04-11-26,40,15,72.009,72.009,/Users/steven/diGiTaLdiVe/gumroad/gumroad/app/assets/images/product/patterns.png
post-placeholder.jpg,357.12 KB,04-11-26,1800,1080,72,72,/Users/steven/diGiTaLdiVe/gumroad/gumroad/app/assets/images/blog/post-placeholder.jpg
community-enable.gif,15.69 MB,04-11-26,1920,900,,,/Users/steven/diGiTaLdiVe/gumroad/gumroad/app/assets/images/help_center/community-enable.gif
community-access.gif,3.82 MB,04-11-26,1920,900,,,/Users/steven/diGiTaLdiVe/gumroad/gumroad/app/assets/images/help_center/community-access.gif
printful-auth.png,7.38 KB,04-11-26,1600,825,,,/Users/steven/diGiTaLdiVe/gumroad/gumroad/app/assets/images/help_center/printful-auth.png
call-sales.png,37.83 KB,04-11-26,1633,1792,,,/Users/steven/diGiTaLdiVe/gumroad/gumroad/app/assets/images/help_center/call-sales.png
time-zone-settings.png,4.35 KB,04-11-26,1504,226,,,/Users/steven/diGiTaLdiVe/gumroad/gumroad/app/assets/images/help_center/time-zone-settings.png
commission-sales.png,116.05 KB,04-11-26,3200,3123,,,/Users/steven/diGiTaLdiVe/gumroad/gumroad/app/assets/images/help_center/commission-sales.png
export-multiple-payouts.png,33.59 KB,04-11-26,748,1318,,,/Users/steven/diGiTaLdiVe/gumroad/gumroad/app/assets/images/help_center/export-multiple-payouts.png
commission-content.png,57.27 KB,04-11-26,3108,2120,,,/Users/steven/diGiTaLdiVe/gumroad/gumroad/app/assets/images/help_center/commission-content.png
product-level-refund-policy-modal.png,79.56 KB,04-11-26,2328,1118,,,/Users/steven/diGiTaLdiVe/gumroad/gumroad/app/assets/images/help_center/product-level-refund-policy-modal.png
start-creating.png,80.07 KB,04-11-26,2512,1544,,,/Users/steven/diGiTaLdiVe/gumroad/gumroad/app/assets/images/help_center/start-creating.png
affiliate-tab.png,58.00 KB,04-11-26,2358,1510,,,/Users/steven/diGiTaLdiVe/gumroad/gumroad/app/assets/images/help_center/affiliate-tab.png
tipping.png,36.87 KB,04-11-26,1496,1222,,,/Users/steven/diGiTaLdiVe/gumroad/gumroad/app/assets/images/help_center/tipping.png
community-moderation.png,123.40 KB,04-11-26,1755,485,,,/Users/steven/diGiTaLdiVe/gumroad/gumroad/app/assets/images/help_center/community-moderation.png
bundle.png,66.66 KB,04-11-26,2016,1516,,,/Users/steven/diGiTaLdiVe/gumroad/gumroad/app/assets/images/help_center/bundle.png
tipping-toggle.png,4.95 KB,04-11-26,1234,292,,,/Users/steven/diGiTaLdiVe/gumroad/gumroad/app/assets/images/help_center/tipping-toggle.png
new-product.png,56.94 KB,04-11-26,2514,1972,,,/Users/steven/diGiTaLdiVe/gumroad/gumroad/app/assets/images/help_center/new-product.png
membership-product.png,83.77 KB,04-11-26,2192,1508,,,/Users/steven/diGiTaLdiVe/gumroad/gumroad/app/assets/images/help_center/membership-product.png
new-physical-prod.png,58.43 KB,04-11-26,2488,2088,,,/Users/steven/diGiTaLdiVe/gumroad/gumroad/app/assets/images/help_center/new-physical-prod.png
change-password.png,9.46 KB,04-11-26,2168,704,,,/Users/steven/diGiTaLdiVe/gumroad/gumroad/app/assets/images/help_center/change-password.png
printful-refresh.jpeg,200.37 KB,04-11-26,3456,2854,,,/Users/steven/diGiTaLdiVe/gumroad/gumroad/app/assets/images/help_center/printful-refresh.jpeg
creating-tab.png,66.67 KB,04-11-26,1970,1520,,,/Users/steven/diGiTaLdiVe/gumroad/gumroad/app/assets/images/help_center/creating-tab.png
printful-dashboard.png,53.38 KB,04-11-26,1600,880,,,/Users/steven/diGiTaLdiVe/gumroad/gumroad/app/assets/images/help_center/printful-dashboard.png
call-content.png,29.55 KB,04-11-26,2030,1294,,,/Users/steven/diGiTaLdiVe/gumroad/gumroad/app/assets/images/help_center/call-content.png
nsfw-settings-toggle.png,57.85 KB,04-11-26,2512,2080,,,/Users/steven/diGiTaLdiVe/gumroad/gumroad/app/assets/images/help_center/nsfw-settings-toggle.png
change-username.png,5.48 KB,04-11-26,1556,270,,,/Users/steven/diGiTaLdiVe/gumroad/gumroad/app/assets/images/help_center/change-username.png
installment-plan-settings.png,14.08 KB,04-11-26,1180,638,,,/Users/steven/diGiTaLdiVe/gumroad/gumroad/app/assets/images/help_center/installment-plan-settings.png
call-edit.png,87.69 KB,04-11-26,2560,3120,,,/Users/steven/diGiTaLdiVe/gumroad/gumroad/app/assets/images/help_center/call-edit.png
product-level-refund-policy-edit.png,64.57 KB,04-11-26,1410,1354,,,/Users/steven/diGiTaLdiVe/gumroad/gumroad/app/assets/images/help_center/product-level-refund-policy-edit.png
churn-dashboard.png,153.42 KB,04-11-26,2617,1532,,,/Users/steven/diGiTaLdiVe/gumroad/gumroad/app/assets/images/help_center/churn-dashboard.png
gumroad-affiliates-opt-out.png,18.56 KB,04-11-26,1430,520,,,/Users/steven/diGiTaLdiVe/gumroad/gumroad/app/assets/images/help_center/gumroad-affiliates-opt-out.png
printful-settings.jpeg,127.29 KB,04-11-26,3438,2150,,,/Users/steven/diGiTaLdiVe/gumroad/gumroad/app/assets/images/help_center/printful-settings.jpeg
community-buyer.gif,4.55 MB,04-11-26,1920,900,,,/Users/steven/diGiTaLdiVe/gumroad/gumroad/app/assets/images/help_center/community-buyer.gif
stripe-verification-ui.png,89.38 KB,04-11-26,3456,1984,,,/Users/steven/diGiTaLdiVe/gumroad/gumroad/app/assets/images/help_center/stripe-verification-ui.png
new-digital-prod.png,59.31 KB,04-11-26,2484,2114,,,/Users/steven/diGiTaLdiVe/gumroad/gumroad/app/assets/images/help_center/new-digital-prod.png
button_bar.jpg,1.32 KB,04-11-26,200,3,72,72,/Users/steven/diGiTaLdiVe/gumroad/gumroad/app/assets/images/button/button_bar.jpg
button_logo.png,1.12 KB,04-11-26,32,34,,,/Users/steven/diGiTaLdiVe/gumroad/gumroad/app/assets/images/button/button_logo.png
emmiliese.png,26.92 KB,04-11-26,240,240,72.009,72.009,/Users/steven/diGiTaLdiVe/gumroad/gumroad/app/assets/images/team/emmiliese.png
screenshot_content.jpg,91.82 KB,04-11-26,1050,1206,,,/Users/steven/diGiTaLdiVe/gumroad/gumroad/app/assets/images/mobile/screenshot_content.jpg
screenshot_mask.png,19.06 KB,04-11-26,1050,1206,,,/Users/steven/diGiTaLdiVe/gumroad/gumroad/app/assets/images/mobile/screenshot_mask.png
mobile_thumbnail_large.png,947.35 KB,04-11-26,1000,673,,,/Users/steven/diGiTaLdiVe/gumroad/gumroad/app/assets/images/mobile/mobile_thumbnail_large.png
mobile-icon.png,10.55 KB,04-11-26,142,190,,,/Users/steven/diGiTaLdiVe/gumroad/gumroad/app/assets/images/mobile/mobile-icon.png
mobile_thumbnail_small.png,1.39 MB,04-11-26,1024,1024,,,/Users/steven/diGiTaLdiVe/gumroad/gumroad/app/assets/images/mobile/mobile_thumbnail_small.png
mobile_background.png,154.62 KB,04-11-26,1280,803,,,/Users/steven/diGiTaLdiVe/gumroad/gumroad/app/assets/images/mobile/mobile_background.png
screenshot_fallback.png,413.11 KB,04-11-26,620,712,,,/Users/steven/diGiTaLdiVe/gumroad/gumroad/app/assets/images/mobile/screenshot_fallback.png
re-francescoambrosiano.png,62.25 KB,04-11-26,664,472,,,/Users/steven/diGiTaLdiVe/gumroad/gumroad/app/assets/images/smallbets/re-francescoambrosiano.png
re-kattrisen.png,47.83 KB,04-11-26,664,472,,,/Users/steven/diGiTaLdiVe/gumroad/gumroad/app/assets/images/smallbets/re-kattrisen.png
re-krystianzun.png,52.98 KB,04-11-26,664,472,,,/Users/steven/diGiTaLdiVe/gumroad/gumroad/app/assets/images/smallbets/re-krystianzun.png
re-sairamsundaresan.png,59.74 KB,04-11-26,664,472,,,/Users/steven/diGiTaLdiVe/gumroad/gumroad/app/assets/images/smallbets/re-sairamsundaresan.png
re-danielvassallo.png,51.66 KB,04-11-26,664,472,,,/Users/steven/diGiTaLdiVe/gumroad/gumroad/app/assets/images/smallbets/re-danielvassallo.png
re-greglim.png,58.58 KB,04-11-26,664,472,,,/Users/steven/diGiTaLdiVe/gumroad/gumroad/app/assets/images/smallbets/re-greglim.png
re-fernandotorres.png,60.05 KB,04-11-26,664,472,,,/Users/steven/diGiTaLdiVe/gumroad/gumroad/app/assets/images/smallbets/re-fernandotorres.png
re-irazayatas.png,64.44 KB,04-11-26,664,472,,,/Users/steven/diGiTaLdiVe/gumroad/gumroad/app/assets/images/smallbets/re-irazayatas.png
re-kilianekamp.png,47.67 KB,04-11-26,664,472,,,/Users/steven/diGiTaLdiVe/gumroad/gumroad/app/assets/images/smallbets/re-kilianekamp.png
re-nesterskovalkovs.png,56.98 KB,04-11-26,664,472,,,/Users/steven/diGiTaLdiVe/gumroad/gumroad/app/assets/images/smallbets/re-nesterskovalkovs.png
friends-gumhead.png,334.90 KB,04-11-26,854,854,,,/Users/steven/diGiTaLdiVe/gumroad/gumroad/app/assets/images/smallbets/friends-gumhead.png
re-peteraskew.png,57.23 KB,04-11-26,664,472,,,/Users/steven/diGiTaLdiVe/gumroad/gumroad/app/assets/images/smallbets/re-peteraskew.png
re-espreedevora.png,65.36 KB,04-11-26,664,472,,,/Users/steven/diGiTaLdiVe/gumroad/gumroad/app/assets/images/smallbets/re-espreedevora.png
re-hassanosman.png,56.99 KB,04-11-26,664,472,,,/Users/steven/diGiTaLdiVe/gumroad/gumroad/app/assets/images/smallbets/re-hassanosman.png
dru-full.png,16.50 KB,04-11-26,123,123,143.99259999999998,143.99259999999998,/Users/steven/diGiTaLdiVe/gumroad/gumroad/app/assets/images/creators/dru-full.png
stephsmithio.png,177.30 KB,04-11-26,965,976,,,/Users/steven/diGiTaLdiVe/gumroad/gumroad/app/assets/images/creators/stephsmithio.png
steph-full.png,18.42 KB,04-11-26,123,123,143.99259999999998,143.99259999999998,/Users/steven/diGiTaLdiVe/gumroad/gumroad/app/assets/images/creators/steph-full.png
motionbynick.png,191.98 KB,04-11-26,965,976,,,/Users/steven/diGiTaLdiVe/gumroad/gumroad/app/assets/images/creators/motionbynick.png
daniel-full.png,16.56 KB,04-11-26,120,120,143.99259999999998,143.99259999999998,/Users/steven/diGiTaLdiVe/gumroad/gumroad/app/assets/images/creators/daniel-full.png
boringbotlab.png,155.79 KB,04-11-26,965,976,,,/Users/steven/diGiTaLdiVe/gumroad/gumroad/app/assets/images/creators/boringbotlab.png
dvassallo.png,166.21 KB,04-11-26,965,976,,,/Users/steven/diGiTaLdiVe/gumroad/gumroad/app/assets/images/creators/dvassallo.png
max-full.png,15.83 KB,04-11-26,123,123,143.99259999999998,143.99259999999998,/Users/steven/diGiTaLdiVe/gumroad/gumroad/app/assets/images/creators/max-full.png
badge_year_2023.png,13.10 KB,04-11-26,550,465,108.0008,108.0008,/Users/steven/diGiTaLdiVe/gumroad/gumroad/app/assets/images/email/badge_year_2023.png
badge_year_2022.png,12.87 KB,04-11-26,550,465,108.0008,108.0008,/Users/steven/diGiTaLdiVe/gumroad/gumroad/app/assets/images/email/badge_year_2022.png
price_tag_arrow.png,1.05 KB,04-11-26,104,192,,,/Users/steven/diGiTaLdiVe/gumroad/gumroad/app/assets/images/email/price_tag_arrow.png
badge_year_2025.png,13.08 KB,04-11-26,550,465,108.0008,108.0008,/Users/steven/diGiTaLdiVe/gumroad/gumroad/app/assets/images/email/badge_year_2025.png
badge_year_2030.png,13.28 KB,04-11-26,551,465,108.0008,108.0008,/Users/steven/diGiTaLdiVe/gumroad/gumroad/app/assets/images/email/badge_year_2030.png
badge_year_2024.png,12.87 KB,04-11-26,550,465,108.0008,108.0008,/Users/steven/diGiTaLdiVe/gumroad/gumroad/app/assets/images/email/badge_year_2024.png
solid-star.png,771.00 B,04-11-26,48,48,191.99859999999998,191.99859999999998,/Users/steven/diGiTaLdiVe/gumroad/gumroad/app/assets/images/email/solid-star.png
eye-fill.png,569.00 B,04-11-26,48,48,143.99259999999998,143.99259999999998,/Users/steven/diGiTaLdiVe/gumroad/gumroad/app/assets/images/email/eye-fill.png
badge_year_2026.png,13.23 KB,04-11-26,550,465,108.0008,108.0008,/Users/steven/diGiTaLdiVe/gumroad/gumroad/app/assets/images/email/badge_year_2026.png
ai-icon.png,1.81 KB,04-11-26,66,66,143.99259999999998,143.99259999999998,/Users/steven/diGiTaLdiVe/gumroad/gumroad/app/assets/images/email/ai-icon.png
icon_info_circle_fill.png,695.00 B,04-11-26,48,49,143.99259999999998,143.99259999999998,/Users/steven/diGiTaLdiVe/gumroad/gumroad/app/assets/images/email/icon_info_circle_fill.png
badge_year_2027.png,13.05 KB,04-11-26,550,465,108.0008,108.0008,/Users/steven/diGiTaLdiVe/gumroad/gumroad/app/assets/images/email/badge_year_2027.png
cart3-fill.png,466.00 B,04-11-26,48,48,143.99259999999998,143.99259999999998,/Users/steven/diGiTaLdiVe/gumroad/gumroad/app/assets/images/email/cart3-fill.png
discover_product_cover_placeholder.png,1.45 KB,04-11-26,306,300,143.99259999999998,143.99259999999998,/Users/steven/diGiTaLdiVe/gumroad/gumroad/app/assets/images/email/discover_product_cover_placeholder.png
gumroad_coins.png,36.41 KB,04-11-26,811,658,72.009,72.009,/Users/steven/diGiTaLdiVe/gumroad/gumroad/app/assets/images/email/gumroad_coins.png
gpt3_gumroad.png,1.25 KB,04-11-26,64,64,143.99259999999998,143.99259999999998,/Users/steven/diGiTaLdiVe/gumroad/gumroad/app/assets/images/email/gpt3_gumroad.png
solid-currency-dollar.png,716.00 B,04-11-26,48,48,143.99259999999998,143.99259999999998,/Users/steven/diGiTaLdiVe/gumroad/gumroad/app/assets/images/email/solid-currency-dollar.png
gumroad_day_2024.png,362.91 KB,04-11-26,446,345,72.009,72.009,/Users/steven/diGiTaLdiVe/gumroad/gumroad/app/assets/images/email/gumroad_day_2024.png
outline-star.png,1.01 KB,04-11-26,48,48,191.99859999999998,191.99859999999998,/Users/steven/diGiTaLdiVe/gumroad/gumroad/app/assets/images/email/outline-star.png
badge_year_2029.png,13.21 KB,04-11-26,550,465,108.0008,108.0008,/Users/steven/diGiTaLdiVe/gumroad/gumroad/app/assets/images/email/badge_year_2029.png
badge_year_2028.png,13.29 KB,04-11-26,551,465,108.0008,108.0008,/Users/steven/diGiTaLdiVe/gumroad/gumroad/app/assets/images/email/badge_year_2028.png
wordmark_logo.png,5.69 KB,04-11-26,850,111,143.99259999999998,143.99259999999998,/Users/steven/diGiTaLdiVe/gumroad/gumroad/app/assets/images/email/wordmark_logo.png
solid-shield-exclamation.png,731.00 B,04-11-26,54,54,216.0016,216.0016,/Users/steven/diGiTaLdiVe/gumroad/gumroad/app/assets/images/email/solid-shield-exclamation.png
icon-loading.png,1006.00 B,04-11-26,34,34,,,/Users/steven/diGiTaLdiVe/gumroad/gumroad/app/assets/images/widgets/icon-loading.png
tier_badge_1000.png,67.10 KB,04-11-26,800,400,,,/Users/steven/diGiTaLdiVe/gumroad/gumroad/app/assets/images/sharer/tier_badge_1000.png
tier_badge_1000000.png,64.60 KB,04-11-26,800,400,,,/Users/steven/diGiTaLdiVe/gumroad/gumroad/app/assets/images/sharer/tier_badge_1000000.png
tier_badge_10000.png,65.64 KB,04-11-26,800,400,,,/Users/steven/diGiTaLdiVe/gumroad/gumroad/app/assets/images/sharer/tier_badge_10000.png
tier_badge_100000.png,66.92 KB,04-11-26,800,400,,,/Users/steven/diGiTaLdiVe/gumroad/gumroad/app/assets/images/sharer/tier_badge_100000.png
test.gif,33.48 KB,04-11-26,1006,1006,,,/Users/steven/diGiTaLdiVe/gumroad/gumroad/spec/support/fixtures/test.gif
test.tiff,174.39 KB,04-11-26,1006,1006,72.0,72.0,/Users/steven/diGiTaLdiVe/gumroad/gumroad/spec/support/fixtures/test.tiff
lemons-640x362.png,353.41 KB,04-11-26,640,362,,,/Users/steven/diGiTaLdiVe/gumroad/gumroad/spec/support/fixtures/lemons-640x362.png
error_file.jpeg,Unknown,04-11-26,,,,,/Users/steven/diGiTaLdiVe/gumroad/gumroad/spec/support/fixtures/error_file.jpeg
cherry-blossom-1280x720.jpeg,221.45 KB,04-11-26,1280,720,72,72,/Users/steven/diGiTaLdiVe/gumroad/gumroad/spec/support/fixtures/cherry-blossom-1280x720.jpeg
test.jpeg,82.47 KB,04-11-26,1006,1006,72,72,/Users/steven/diGiTaLdiVe/gumroad/gumroad/spec/support/fixtures/test.jpeg
sample.gif,4.89 MB,04-11-26,670,500,,,/Users/steven/diGiTaLdiVe/gumroad/gumroad/spec/support/fixtures/sample.gif
Austin's Mojo.png,98.05 KB,04-11-26,1006,1006,71.9328,71.9328,/Users/steven/diGiTaLdiVe/gumroad/gumroad/spec/support/fixtures/Austin's Mojo.png
P1110259.JPG,5.05 MB,04-11-26,4000,3000,180,180,/Users/steven/diGiTaLdiVe/gumroad/gumroad/spec/support/fixtures/P1110259.JPG
smaller.png,16.00 KB,04-11-26,340,107,72.009,72.009,/Users/steven/diGiTaLdiVe/gumroad/gumroad/spec/support/fixtures/smaller.png
test-small.png,836.00 B,04-11-26,25,25,,,/Users/steven/diGiTaLdiVe/gumroad/gumroad/spec/support/fixtures/test-small.png
test-small.jpg,1012.00 B,04-11-26,25,25,72,72,/Users/steven/diGiTaLdiVe/gumroad/gumroad/spec/support/fixtures/test-small.jpg
test-small.jpeg,1012.00 B,04-11-26,25,25,72,72,/Users/steven/diGiTaLdiVe/gumroad/gumroad/spec/support/fixtures/test-small.jpeg
subscribe_preview.png,36.50 KB,04-11-26,1024,536,,,/Users/steven/diGiTaLdiVe/gumroad/gumroad/spec/support/fixtures/subscribe_preview.png
test.jpg,82.47 KB,04-11-26,1006,1006,72,72,/Users/steven/diGiTaLdiVe/gumroad/gumroad/spec/support/fixtures/test.jpg
test.png,98.05 KB,04-11-26,1006,1006,71.9328,71.9328,/Users/steven/diGiTaLdiVe/gumroad/gumroad/spec/support/fixtures/test.png
kFDzu.png,44.12 KB,04-11-26,1633,512,72.009,72.009,/Users/steven/diGiTaLdiVe/gumroad/gumroad/spec/support/fixtures/kFDzu.png
"file_with_double_quotes"".png",98.05 KB,04-11-26,1006,1006,71.9328,71.9328,"/Users/steven/diGiTaLdiVe/gumroad/gumroad/spec/support/fixtures/file_with_double_quotes"".png"
success.png,5.80 KB,04-11-26,64,64,,,/Users/steven/diGiTaLdiVe/gumroad/gumroad/spec/support/fixtures/success.png
autumn-leaves-1280x720.jpeg,180.72 KB,04-11-26,1280,723,72,72,/Users/steven/diGiTaLdiVe/gumroad/gumroad/spec/support/fixtures/autumn-leaves-1280x720.jpeg
test-squashed.png,46.68 KB,04-11-26,281,1006,,,/Users/steven/diGiTaLdiVe/gumroad/gumroad/spec/support/fixtures/test-squashed.png
test-small.gif,698.00 B,04-11-26,25,25,,,/Users/steven/diGiTaLdiVe/gumroad/gumroad/spec/support/fixtures/test-small.gif
test-small+with+[square+brackets].jpg,82.47 KB,04-11-26,1006,1006,72,72,/Users/steven/diGiTaLdiVe/gumroad/gumroad/spec/support/fixtures/test-small+with+[square+brackets].jpg
test-squashed-horizontal.gif,19.27 KB,04-11-26,1006,503,,,/Users/steven/diGiTaLdiVe/gumroad/gumroad/spec/support/fixtures/test-squashed-horizontal.gif
smilie.png,98.05 KB,04-11-26,1006,1006,71.9328,71.9328,/Users/steven/diGiTaLdiVe/gumroad/gumroad/spec/support/fixtures/smilie.png
disguised_html_script.png,Unknown,04-11-26,,,,,/Users/steven/diGiTaLdiVe/gumroad/gumroad/spec/support/fixtures/disguised_html_script.png
file with spaces.png,98.05 KB,04-11-26,1006,1006,71.9328,71.9328,/Users/steven/diGiTaLdiVe/gumroad/gumroad/spec/support/fixtures/file with spaces.png
invalid_asset_preview_image.jpeg,Unknown,04-11-26,,,,,/Users/steven/diGiTaLdiVe/gumroad/gumroad/spec/support/fixtures/invalid_asset_preview_image.jpeg
vague_purchase_failure_error.png,36.33 KB,04-11-26,728,788,,,/Users/steven/diGiTaLdiVe/gumroad/gumroad/docs/vague_purchase_failure_error.png
overlay-loader.gif,1.77 KB,04-11-26,32,32,,,/Users/steven/diGiTaLdiVe/gumroad/gumroad/public/overlay-loader.gif
d2890ccc2abac548d99d.png,272.07 KB,04-11-26,752,752,143.99259999999998,143.99259999999998,/Users/steven/diGiTaLdiVe/gumroad/gumroad/public/packs/static/d2890ccc2abac548d99d.png
5aece8de530763f98b74.jpg,38.13 KB,04-11-26,500,500,72,72,/Users/steven/diGiTaLdiVe/gumroad/gumroad/public/packs/static/5aece8de530763f98b74.jpg
f9697366eacbc5668c04.jpg,60.57 KB,04-11-26,435,241,72,72,/Users/steven/diGiTaLdiVe/gumroad/gumroad/public/packs/static/f9697366eacbc5668c04.jpg
8cd3e2771944e1f805c2.jpg,31.58 KB,04-11-26,435,241,72,72,/Users/steven/diGiTaLdiVe/gumroad/gumroad/public/packs/static/8cd3e2771944e1f805c2.jpg
09cd2382eac59f9c1298.jpg,48.96 KB,04-11-26,500,500,72,72,/Users/steven/diGiTaLdiVe/gumroad/gumroad/public/packs/static/09cd2382eac59f9c1298.jpg
4e692da06e9043397a92.png,8.50 KB,04-11-26,256,256,,,/Users/steven/diGiTaLdiVe/gumroad/gumroad/public/packs/static/4e692da06e9043397a92.png
6202c6572a85988faf26.jpg,44.49 KB,04-11-26,500,500,72,72,/Users/steven/diGiTaLdiVe/gumroad/gumroad/public/packs/static/6202c6572a85988faf26.jpg
8e8253aefd36e96b7b64.jpg,45.62 KB,04-11-26,435,270,72,72,/Users/steven/diGiTaLdiVe/gumroad/gumroad/public/packs/static/8e8253aefd36e96b7b64.jpg
f57d358a979890098ba2.jpg,33.01 KB,04-11-26,435,241,72,72,/Users/steven/diGiTaLdiVe/gumroad/gumroad/public/packs/static/f57d358a979890098ba2.jpg
b47cbdb8030bef7eda53.png,37.32 KB,04-11-26,2010,1200,216.0016,216.0016,/Users/steven/diGiTaLdiVe/gumroad/gumroad/public/packs/static/b47cbdb8030bef7eda53.png
f6499b001ddb7aad23ee.jpg,23.29 KB,04-11-26,435,228,72,72,/Users/steven/diGiTaLdiVe/gumroad/gumroad/public/packs/static/f6499b001ddb7aad23ee.jpg
dc04650e213200d6ad5d.jpg,42.51 KB,04-11-26,500,500,72,72,/Users/steven/diGiTaLdiVe/gumroad/gumroad/public/packs/static/dc04650e213200d6ad5d.jpg
a47fa911562645f7020c.jpg,17.52 KB,04-11-26,435,243,72,72,/Users/steven/diGiTaLdiVe/gumroad/gumroad/public/packs/static/a47fa911562645f7020c.jpg
203e4d8dc44a646532f7.jpg,39.54 KB,04-11-26,500,500,72,72,/Users/steven/diGiTaLdiVe/gumroad/gumroad/public/packs/static/203e4d8dc44a646532f7.jpg
8904ece4df97d3fcb4c2.jpg,40.24 KB,04-11-26,500,500,72,72,/Users/steven/diGiTaLdiVe/gumroad/gumroad/public/packs/static/8904ece4df97d3fcb4c2.jpg
8d74163e4464cbf4cabf.png,27.31 KB,04-11-26,2024,560,,,/Users/steven/diGiTaLdiVe/gumroad/gumroad/public/packs/static/8d74163e4464cbf4cabf.png
16896af2bb13d4fef211.jpg,50.86 KB,04-11-26,435,232,72,72,/Users/steven/diGiTaLdiVe/gumroad/gumroad/public/packs/static/16896af2bb13d4fef211.jpg
bfe0b296a3a53ece60b7.jpg,45.79 KB,04-11-26,500,500,72,72,/Users/steven/diGiTaLdiVe/gumroad/gumroad/public/packs/static/bfe0b296a3a53ece60b7.jpg
470ba419f0fd8601d896.jpg,46.29 KB,04-11-26,435,232,72,72,/Users/steven/diGiTaLdiVe/gumroad/gumroad/public/packs/static/470ba419f0fd8601d896.jpg
d6ed7d0566518f0c6c2f.jpg,45.35 KB,04-11-26,435,243,72,72,/Users/steven/diGiTaLdiVe/gumroad/gumroad/public/packs/static/d6ed7d0566518f0c6c2f.jpg
a9ac7941e511801e6725.jpg,39.20 KB,04-11-26,500,500,72,72,/Users/steven/diGiTaLdiVe/gumroad/gumroad/public/packs/static/a9ac7941e511801e6725.jpg
8a6076a4f2863ad9d342.png,130.51 KB,04-11-26,2024,560,143.99259999999998,143.99259999999998,/Users/steven/diGiTaLdiVe/gumroad/gumroad/public/packs/static/8a6076a4f2863ad9d342.png
424f35f4c6837cba6f15.jpg,357.12 KB,04-11-26,1800,1080,72,72,/Users/steven/diGiTaLdiVe/gumroad/gumroad/public/packs/static/424f35f4c6837cba6f15.jpg
dc856aa9424a09d2c589.jpg,45.04 KB,04-11-26,500,500,72,72,/Users/steven/diGiTaLdiVe/gumroad/gumroad/public/packs/static/dc856aa9424a09d2c589.jpg
2c451f559fb79b098d97.jpg,36.68 KB,04-11-26,435,237,72,72,/Users/steven/diGiTaLdiVe/gumroad/gumroad/public/packs/static/2c451f559fb79b098d97.jpg
316f88b4b643d9ab9422.png,8.02 KB,04-11-26,256,256,,,/Users/steven/diGiTaLdiVe/gumroad/gumroad/public/packs/static/316f88b4b643d9ab9422.png
aafb343c0ae55e60da1f.jpg,38.21 KB,04-11-26,435,258,72,72,/Users/steven/diGiTaLdiVe/gumroad/gumroad/public/packs/static/aafb343c0ae55e60da1f.jpg
bcf6a5d67cf6c41722d0.jpg,26.52 KB,04-11-26,435,261,72,72,/Users/steven/diGiTaLdiVe/gumroad/gumroad/public/packs/static/bcf6a5d67cf6c41722d0.jpg
354b2d6a784cea789c05.jpg,34.91 KB,04-11-26,500,500,72,72,/Users/steven/diGiTaLdiVe/gumroad/gumroad/public/packs/static/354b2d6a784cea789c05.jpg
3223442fc2ab4f0e1c0f.jpg,38.08 KB,04-11-26,435,229,72,72,/Users/steven/diGiTaLdiVe/gumroad/gumroad/public/packs/static/3223442fc2ab4f0e1c0f.jpg
42b0034617ed499c6546.jpg,36.19 KB,04-11-26,500,500,72,72,/Users/steven/diGiTaLdiVe/gumroad/gumroad/public/packs/static/42b0034617ed499c6546.jpg
786854498e2361b4f666.jpg,49.14 KB,04-11-26,500,500,72,72,/Users/steven/diGiTaLdiVe/gumroad/gumroad/public/packs/static/786854498e2361b4f666.jpg
3ee78f8eb1685c09bc90.jpg,48.51 KB,04-11-26,435,227,72,72,/Users/steven/diGiTaLdiVe/gumroad/gumroad/public/packs/static/3ee78f8eb1685c09bc90.jpg
f32eab34459dad73268b.jpg,43.89 KB,04-11-26,500,500,72,72,/Users/steven/diGiTaLdiVe/gumroad/gumroad/public/packs/static/f32eab34459dad73268b.jpg
2d37734b0cbc2b136ee9.jpg,47.94 KB,04-11-26,500,500,72,72,/Users/steven/diGiTaLdiVe/gumroad/gumroad/public/packs/static/2d37734b0cbc2b136ee9.jpg
29c6aa44b7d0ab466592.jpg,43.21 KB,04-11-26,500,500,72,72,/Users/steven/diGiTaLdiVe/gumroad/gumroad/public/packs/static/29c6aa44b7d0ab466592.jpg
6bde643de49e92bc6e4f.jpg,43.46 KB,04-11-26,435,248,72,72,/Users/steven/diGiTaLdiVe/gumroad/gumroad/public/packs/static/6bde643de49e92bc6e4f.jpg
822e112a3b444c69f7ef.png,90.05 KB,04-11-26,1280,1799,72.009,72.009,/Users/steven/diGiTaLdiVe/gumroad/gumroad/public/packs/static/822e112a3b444c69f7ef.png
7f39f3353c298bad77ec.jpg,39.25 KB,04-11-26,435,236,72,72,/Users/steven/diGiTaLdiVe/gumroad/gumroad/public/packs/static/7f39f3353c298bad77ec.jpg
883983a56e7be71f41e4.jpg,42.50 KB,04-11-26,500,500,72,72,/Users/steven/diGiTaLdiVe/gumroad/gumroad/public/packs/static/883983a56e7be71f41e4.jpg
606644148ccb73881b80.jpg,37.77 KB,04-11-26,500,500,72,72,/Users/steven/diGiTaLdiVe/gumroad/gumroad/public/packs/static/606644148ccb73881b80.jpg
99777d1f4b39f1a8c2ad.png,32.14 KB,04-11-26,2024,633,143.99259999999998,143.99259999999998,/Users/steven/diGiTaLdiVe/gumroad/gumroad/public/packs/static/99777d1f4b39f1a8c2ad.png
0b13f15725cd9d9fd2f5.jpg,49.92 KB,04-11-26,500,500,72,72,/Users/steven/diGiTaLdiVe/gumroad/gumroad/public/packs/static/0b13f15725cd9d9fd2f5.jpg
b183883051eda0ffb776.jpg,31.16 KB,04-11-26,435,221,72,72,/Users/steven/diGiTaLdiVe/gumroad/gumroad/public/packs/static/b183883051eda0ffb776.jpg
0ba6e36a559dd4800e83.jpg,57.70 KB,04-11-26,435,304,72,72,/Users/steven/diGiTaLdiVe/gumroad/gumroad/public/packs/static/0ba6e36a559dd4800e83.jpg
button_bar.jpg,1.32 KB,04-11-26,200,3,72,72,/Users/steven/diGiTaLdiVe/gumroad/gumroad/public/button/button_bar.jpg
button_logo.png,1.12 KB,04-11-26,32,34,,,/Users/steven/diGiTaLdiVe/gumroad/gumroad/public/button/button_logo.png
favicon.png,1.46 KB,04-11-26,81,81,72.009,72.009,/Users/steven/diGiTaLdiVe/gumroad/gumroad/public/error_pages/favicon.png
comic-stars.png,6.24 KB,04-11-26,280,280,72.009,72.009,/Users/steven/diGiTaLdiVe/gumroad/gumroad/public/error_pages/comic-stars.png
comic-rock.png,6.41 KB,04-11-26,280,280,72.009,72.009,/Users/steven/diGiTaLdiVe/gumroad/gumroad/public/error_pages/comic-rock.png
favicon-16x16.png,616.00 B,04-11-26,16,16,,,/Users/steven/diGiTaLdiVe/p-market/EXTERNAL_IMPORTS/claudemarketplaces/public/favicon/favicon-16x16.png
android-chrome-192x192.png,10.74 KB,04-11-26,192,192,,,/Users/steven/diGiTaLdiVe/p-market/EXTERNAL_IMPORTS/claudemarketplaces/public/favicon/android-chrome-192x192.png
apple-touch-icon.png,9.71 KB,04-11-26,180,180,,,/Users/steven/diGiTaLdiVe/p-market/EXTERNAL_IMPORTS/claudemarketplaces/public/favicon/apple-touch-icon.png
android-chrome-512x512.png,31.29 KB,04-11-26,512,512,,,/Users/steven/diGiTaLdiVe/p-market/EXTERNAL_IMPORTS/claudemarketplaces/public/favicon/android-chrome-512x512.png
favicon-32x32.png,1.35 KB,04-11-26,32,32,,,/Users/steven/diGiTaLdiVe/p-market/EXTERNAL_IMPORTS/claudemarketplaces/public/favicon/favicon-32x32.png
icon-light-32x32.png,566.00 B,04-12-26,32,32,72.009,72.009,/Users/steven/diGiTaLdiVe/p-market/JobResponseAi/public/icon-light-32x32.png
icon-dark-32x32.png,585.00 B,04-12-26,32,32,72.009,72.009,/Users/steven/diGiTaLdiVe/p-market/JobResponseAi/public/icon-dark-32x32.png
apple-icon.png,2.56 KB,04-12-26,180,180,,,/Users/steven/diGiTaLdiVe/p-market/JobResponseAi/public/apple-icon.png
placeholder-logo.png,568.00 B,04-12-26,256,144,,,/Users/steven/diGiTaLdiVe/p-market/JobResponseAi/public/placeholder-logo.png
placeholder-user.jpg,1.60 KB,04-12-26,200,200,,,/Users/steven/diGiTaLdiVe/p-market/JobResponseAi/public/placeholder-user.jpg
placeholder.jpg,1.04 KB,04-12-26,1,1,72.0,72.0,/Users/steven/diGiTaLdiVe/p-market/JobResponseAi/public/placeholder.jpg
icon-light-32x32.png,566.00 B,04-11-26,32,32,72.009,72.009,/Users/steven/diGiTaLdiVe/p-market/upWork/ai-tik-tok-videos/public/icon-light-32x32.png
icon-dark-32x32.png,585.00 B,04-11-26,32,32,72.009,72.009,/Users/steven/diGiTaLdiVe/p-market/upWork/ai-tik-tok-videos/public/icon-dark-32x32.png
apple-icon.png,2.56 KB,04-11-26,180,180,,,/Users/steven/diGiTaLdiVe/p-market/upWork/ai-tik-tok-videos/public/apple-icon.png
placeholder-logo.png,568.00 B,04-11-26,256,144,,,/Users/steven/diGiTaLdiVe/p-market/upWork/ai-tik-tok-videos/public/placeholder-logo.png
placeholder-user.jpg,1.60 KB,04-11-26,200,200,,,/Users/steven/diGiTaLdiVe/p-market/upWork/ai-tik-tok-videos/public/placeholder-user.jpg
placeholder.jpg,1.04 KB,04-11-26,1,1,72.0,72.0,/Users/steven/diGiTaLdiVe/p-market/upWork/ai-tik-tok-videos/public/placeholder.jpg
BF8C6B59-169E-4CF1-9BD7-23E25674FD46_jpeg_preview.png,140.62 KB,04-11-26,1080,712,72,72,/Users/steven/diGiTaLdiVe/p-market/upWork/AEO-SEO/AvaTar ArTs/My Templates/Writing portfolio .assets/BF8C6B59-169E-4CF1-9BD7-23E25674FD46_jpeg_preview.png
FE6A5CA0-65F9-4606-BDFE-92A6FE877DDC_jpeg_preview.png,320.13 KB,04-11-26,1080,1618,72,72,/Users/steven/diGiTaLdiVe/p-market/upWork/AEO-SEO/AvaTar ArTs/My Templates/Writing portfolio .assets/FE6A5CA0-65F9-4606-BDFE-92A6FE877DDC_jpeg_preview.png
FE6A5CA0-65F9-4606-BDFE-92A6FE877DDC.jpeg,320.13 KB,04-11-26,1080,1618,72,72,/Users/steven/diGiTaLdiVe/p-market/upWork/AEO-SEO/AvaTar ArTs/My Templates/Writing portfolio .assets/FE6A5CA0-65F9-4606-BDFE-92A6FE877DDC.jpeg
BF8C6B59-169E-4CF1-9BD7-23E25674FD46.jpeg,140.62 KB,04-11-26,1080,712,72,72,/Users/steven/diGiTaLdiVe/p-market/upWork/AEO-SEO/AvaTar ArTs/My Templates/Writing portfolio .assets/BF8C6B59-169E-4CF1-9BD7-23E25674FD46.jpeg
Uploading Videos to YouTube Using Python and OAuth 2_0_ A Step-by-Step Guide with Reauthentication _ by Py-Core Python Programming _ Python in P_pdf_preview.png,151.12 KB,04-11-26,800,1132,143.99259999999998,143.99259999999998,/Users/steven/diGiTaLdiVe/p-market/upWork/AEO-SEO/AvaTar ArTs/Unsorted/Files from Mac.assets/Uploading Videos to YouTube Using Python and OAuth 2_0_ A Step-by-Step Guide with Reauthentication _ by Py-Core Python Programming _ Python in P_pdf_preview.png
Image_png_preview.png,318.23 KB,04-11-26,1200,1200,72.0,72.0,/Users/steven/diGiTaLdiVe/p-market/upWork/AEO-SEO/AvaTar ArTs/Unsorted/Files from iOS.assets/Image_png_preview.png
Image.png,4.71 MB,04-11-26,1800,1800,287.98519999999996,287.98519999999996,/Users/steven/diGiTaLdiVe/p-market/upWork/AEO-SEO/AvaTar ArTs/Unsorted/Files from iOS.assets/Image.png
Image (26).png,788.00 B,04-11-26,128,128,,,/Users/steven/diGiTaLdiVe/p-market/upWork/AEO-SEO/AvaTar ArTs/Unsorted/Best Coding Tutorial YouTube Channels.assets/Image (26).png
Image (5).png,788.00 B,04-11-26,128,128,,,/Users/steven/diGiTaLdiVe/p-market/upWork/AEO-SEO/AvaTar ArTs/Unsorted/Best Coding Tutorial YouTube Channels.assets/Image (5).png
Image (10).png,788.00 B,04-11-26,128,128,,,/Users/steven/diGiTaLdiVe/p-market/upWork/AEO-SEO/AvaTar ArTs/Unsorted/Best Coding Tutorial YouTube Channels.assets/Image (10).png
Image (9).png,788.00 B,04-11-26,128,128,,,/Users/steven/diGiTaLdiVe/p-market/upWork/AEO-SEO/AvaTar ArTs/Unsorted/Best Coding Tutorial YouTube Channels.assets/Image (9).png
Image (8).png,788.00 B,04-11-26,128,128,,,/Users/steven/diGiTaLdiVe/p-market/upWork/AEO-SEO/AvaTar ArTs/Unsorted/Best Coding Tutorial YouTube Channels.assets/Image (8).png
Image (11).png,788.00 B,04-11-26,128,128,,,/Users/steven/diGiTaLdiVe/p-market/upWork/AEO-SEO/AvaTar ArTs/Unsorted/Best Coding Tutorial YouTube Channels.assets/Image (11).png
Image (27).png,2.83 KB,04-11-26,48,48,,,/Users/steven/diGiTaLdiVe/p-market/upWork/AEO-SEO/AvaTar ArTs/Unsorted/Best Coding Tutorial YouTube Channels.assets/Image (27).png
Image (4).png,788.00 B,04-11-26,128,128,,,/Users/steven/diGiTaLdiVe/p-market/upWork/AEO-SEO/AvaTar ArTs/Unsorted/Best Coding Tutorial YouTube Channels.assets/Image (4).png
Image (16).png,788.00 B,04-11-26,128,128,,,/Users/steven/diGiTaLdiVe/p-market/upWork/AEO-SEO/AvaTar ArTs/Unsorted/Best Coding Tutorial YouTube Channels.assets/Image (16).png
Image (29)_png_preview.png,263.48 KB,04-11-26,1200,1200,72.0,72.0,/Users/steven/diGiTaLdiVe/p-market/upWork/AEO-SEO/AvaTar ArTs/Unsorted/Best Coding Tutorial YouTube Channels.assets/Image (29)_png_preview.png
Image (20).png,788.00 B,04-11-26,128,128,,,/Users/steven/diGiTaLdiVe/p-market/upWork/AEO-SEO/AvaTar ArTs/Unsorted/Best Coding Tutorial YouTube Channels.assets/Image (20).png
Image (3).png,788.00 B,04-11-26,128,128,,,/Users/steven/diGiTaLdiVe/p-market/upWork/AEO-SEO/AvaTar ArTs/Unsorted/Best Coding Tutorial YouTube Channels.assets/Image (3).png
Image (21).png,834.00 B,04-11-26,64,64,,,/Users/steven/diGiTaLdiVe/p-market/upWork/AEO-SEO/AvaTar ArTs/Unsorted/Best Coding Tutorial YouTube Channels.assets/Image (21).png
Image (2).png,788.00 B,04-11-26,128,128,,,/Users/steven/diGiTaLdiVe/p-market/upWork/AEO-SEO/AvaTar ArTs/Unsorted/Best Coding Tutorial YouTube Channels.assets/Image (2).png
Image (17).png,788.00 B,04-11-26,128,128,,,/Users/steven/diGiTaLdiVe/p-market/upWork/AEO-SEO/AvaTar ArTs/Unsorted/Best Coding Tutorial YouTube Channels.assets/Image (17).png
Image (14).png,788.00 B,04-11-26,128,128,,,/Users/steven/diGiTaLdiVe/p-market/upWork/AEO-SEO/AvaTar ArTs/Unsorted/Best Coding Tutorial YouTube Channels.assets/Image (14).png
Image (22).png,788.00 B,04-11-26,128,128,,,/Users/steven/diGiTaLdiVe/p-market/upWork/AEO-SEO/AvaTar ArTs/Unsorted/Best Coding Tutorial YouTube Channels.assets/Image (22).png
Image (18).png,788.00 B,04-11-26,128,128,,,/Users/steven/diGiTaLdiVe/p-market/upWork/AEO-SEO/AvaTar ArTs/Unsorted/Best Coding Tutorial YouTube Channels.assets/Image (18).png
Image (19).png,788.00 B,04-11-26,128,128,,,/Users/steven/diGiTaLdiVe/p-market/upWork/AEO-SEO/AvaTar ArTs/Unsorted/Best Coding Tutorial YouTube Channels.assets/Image (19).png
Image (23).png,290.00 B,04-11-26,128,128,,,/Users/steven/diGiTaLdiVe/p-market/upWork/AEO-SEO/AvaTar ArTs/Unsorted/Best Coding Tutorial YouTube Channels.assets/Image (23).png
Image (15).png,788.00 B,04-11-26,128,128,,,/Users/steven/diGiTaLdiVe/p-market/upWork/AEO-SEO/AvaTar ArTs/Unsorted/Best Coding Tutorial YouTube Channels.assets/Image (15).png
Southern-Chile-image-by-Andrew-Bryant.png,221.95 KB,04-11-26,500,500,,,/Users/steven/diGiTaLdiVe/p-market/upWork/AEO-SEO/AvaTar ArTs/Unsorted/Best Coding Tutorial YouTube Channels.assets/Southern-Chile-image-by-Andrew-Bryant.png
Image (7).png,788.00 B,04-11-26,128,128,,,/Users/steven/diGiTaLdiVe/p-market/upWork/AEO-SEO/AvaTar ArTs/Unsorted/Best Coding Tutorial YouTube Channels.assets/Image (7).png
Image (24).png,788.00 B,04-11-26,128,128,,,/Users/steven/diGiTaLdiVe/p-market/upWork/AEO-SEO/AvaTar ArTs/Unsorted/Best Coding Tutorial YouTube Channels.assets/Image (24).png
linkedin-bug-color.png,824.00 B,04-11-26,96,96,,,/Users/steven/diGiTaLdiVe/p-market/upWork/AEO-SEO/AvaTar ArTs/Unsorted/Best Coding Tutorial YouTube Channels.assets/linkedin-bug-color.png
Image (28).png,788.00 B,04-11-26,128,128,,,/Users/steven/diGiTaLdiVe/p-market/upWork/AEO-SEO/AvaTar ArTs/Unsorted/Best Coding Tutorial YouTube Channels.assets/Image (28).png
Image (12).png,788.00 B,04-11-26,128,128,,,/Users/steven/diGiTaLdiVe/p-market/upWork/AEO-SEO/AvaTar ArTs/Unsorted/Best Coding Tutorial YouTube Channels.assets/Image (12).png
Image (13).png,788.00 B,04-11-26,128,128,,,/Users/steven/diGiTaLdiVe/p-market/upWork/AEO-SEO/AvaTar ArTs/Unsorted/Best Coding Tutorial YouTube Channels.assets/Image (13).png
Image (29).png,4.76 MB,04-11-26,1800,1800,287.98519999999996,287.98519999999996,/Users/steven/diGiTaLdiVe/p-market/upWork/AEO-SEO/AvaTar ArTs/Unsorted/Best Coding Tutorial YouTube Channels.assets/Image (29).png
Image.png,788.00 B,04-11-26,128,128,,,/Users/steven/diGiTaLdiVe/p-market/upWork/AEO-SEO/AvaTar ArTs/Unsorted/Best Coding Tutorial YouTube Channels.assets/Image.png
Image (6).png,788.00 B,04-11-26,128,128,,,/Users/steven/diGiTaLdiVe/p-market/upWork/AEO-SEO/AvaTar ArTs/Unsorted/Best Coding Tutorial YouTube Channels.assets/Image (6).png
Image (25).png,6.14 KB,04-11-26,115,115,,,/Users/steven/diGiTaLdiVe/p-market/upWork/AEO-SEO/AvaTar ArTs/Unsorted/Best Coding Tutorial YouTube Channels.assets/Image (25).png
inserted-blocks.png,45.62 KB,04-11-26,890,456,,,/Users/steven/diGiTaLdiVe/PYTHON_MARKETPLACE_MASTER/notion-test/docs/inserted-blocks.png
custom-agent-select-worker.png,224.77 KB,04-11-26,1612,1608,143.99259999999998,143.99259999999998,/Users/steven/diGiTaLdiVe/PYTHON_MARKETPLACE_MASTER/notion-test/docs/custom-agent-select-worker.png
insert-sample-task.png,41.44 KB,04-11-26,854,360,,,/Users/steven/diGiTaLdiVe/PYTHON_MARKETPLACE_MASTER/notion-test/docs/insert-sample-task.png
custom-agent-add-connection.png,220.98 KB,04-11-26,1808,1832,143.99259999999998,143.99259999999998,/Users/steven/diGiTaLdiVe/PYTHON_MARKETPLACE_MASTER/notion-test/docs/custom-agent-add-connection.png
select-ajax.png,36.62 KB,04-11-26,976,272,,,/Users/steven/diGiTaLdiVe/PYTHON_MARKETPLACE_MASTER/notion-test/docs/select-ajax.png
inserted-blocks.png,45.62 KB,04-11-26,890,456,,,/Users/steven/diGiTaLdiVe/PYTHON_MARKETPLACE_MASTER/notion-test/worker/docs/inserted-blocks.png
custom-agent-select-worker.png,224.77 KB,04-11-26,1612,1608,143.99259999999998,143.99259999999998,/Users/steven/diGiTaLdiVe/PYTHON_MARKETPLACE_MASTER/notion-test/worker/docs/custom-agent-select-worker.png
insert-sample-task.png,41.44 KB,04-11-26,854,360,,,/Users/steven/diGiTaLdiVe/PYTHON_MARKETPLACE_MASTER/notion-test/worker/docs/insert-sample-task.png
custom-agent-add-connection.png,220.98 KB,04-11-26,1808,1832,143.99259999999998,143.99259999999998,/Users/steven/diGiTaLdiVe/PYTHON_MARKETPLACE_MASTER/notion-test/worker/docs/custom-agent-add-connection.png
select-ajax.png,36.62 KB,04-11-26,976,272,,,/Users/steven/diGiTaLdiVe/PYTHON_MARKETPLACE_MASTER/notion-test/worker/docs/select-ajax.png
scanning.gif,63.68 KB,04-14-26,172,172,,,/Users/steven/diGiTaLdiVe/MasterxEo/AVATARARTS/docs/analysis/COMPLETE_AUTOMATION_ECOSYSTEM_ANALYSIS/scanning.gif
elon_musk_scandals_cover_generated.png,1.04 MB,04-14-26,2400,1488,,,/Users/steven/diGiTaLdiVe/MasterxEo/AVATARARTS/docs/analysis/COMPLETE_AUTOMATION_ECOSYSTEM_ANALYSIS/elon_musk_scandals_cover_generated.png
2026-1-14__3-27-22__file_00000000df3c722fa03479feaf2b487d__Elon_Musk:_scandals_and_legal_battles.jpeg,373.46 KB,04-14-26,1536,1024,72,72,/Users/steven/diGiTaLdiVe/MasterxEo/AVATARARTS/docs/analysis/COMPLETE_AUTOMATION_ECOSYSTEM_ANALYSIS/2026-1-14__3-27-22__file_00000000df3c722fa03479feaf2b487d__Elon_Musk:_scandals_and_legal_battles.jpeg
avatararts-logo.png,Unknown,04-11-26,,,,,/Users/steven/diGiTaLdiVe/MasterxEo/AVATARARTS/consolidation/images/avatararts-logo.png
modern_minimalist_preview.png,6.20 KB,04-14-26,800,800,,,/Users/steven/diGiTaLdiVe/MasterxEo/REVENUE/Gumroad/listings/Other_Platforms/modern_minimalist_preview.png
nature_organic_preview.png,6.83 KB,04-14-26,800,800,,,/Users/steven/diGiTaLdiVe/MasterxEo/REVENUE/Gumroad/listings/Other_Platforms/nature_organic_preview.png
vintage_retro_preview.png,6.74 KB,04-14-26,800,800,,,/Users/steven/diGiTaLdiVe/MasterxEo/REVENUE/Gumroad/listings/Other_Platforms/vintage_retro_preview.png
abstract_expressionist_preview.png,6.26 KB,04-14-26,800,800,,,/Users/steven/diGiTaLdiVe/MasterxEo/REVENUE/Gumroad/listings/Other_Platforms/abstract_expressionist_preview.png
cyberpunk_neon_preview.png,5.74 KB,04-14-26,800,800,,,/Users/steven/diGiTaLdiVe/MasterxEo/REVENUE/Gumroad/listings/Other_Platforms/cyberpunk_neon_preview.png
