file_path,relative_path,filename,extension,language,category,size_bytes,modification_time,md5_hash,shebang,imports,apis_used,complexity,num_lines
/Users/steven/scripts/recovery.sh,scripts/recovery.sh,recovery.sh,.sh,Shell,AI/ML Tools,1364,2026-02-12T12:40:34.422417,991b21ce7908e16eed088fd668adaac2,#!/usr/bin/env bash,,,medium,47
/Users/steven/scripts/carbon-batch.sh,scripts/carbon-batch.sh,carbon-batch.sh,.sh,Shell,AI/ML Tools,1626,2026-02-12T12:40:38.161369,0e53becb673e19926f0f263af9fde000,#!/usr/bin/env bash,$HOME/.nvm/nvm.sh,,medium,55
/Users/steven/scripts/sign_packages.sh,scripts/sign_packages.sh,sign_packages.sh,.sh,Shell,AI/ML Tools,908,2026-02-12T12:40:30.027017,166aada6c6a1fc98757eef4769cf2a7e,#!/usr/bin/env bash,,,medium,36
/Users/steven/scripts/uninstall_embeddings.sh,scripts/uninstall_embeddings.sh,uninstall_embeddings.sh,.sh,Shell,AI/ML Tools,271,2025-09-03T06:42:18,65fa673bc855ea76938ff479f3699097,#!/usr/bin/env bash,,"LLAMA,OLLAMA",low,9
/Users/steven/scripts/regenerate_carbon.sh,scripts/regenerate_carbon.sh,regenerate_carbon.sh,.sh,Shell,AI/ML Tools,3969,2026-02-12T12:40:31.486896,d3246fb8f44bd03cc60c0282ea64759c,#!/usr/bin/env bash,,,high,137
/Users/steven/scripts/uninstall_safety.sh,scripts/uninstall_safety.sh,uninstall_safety.sh,.sh,Shell,AI/ML Tools,272,2025-09-03T06:42:18,052ea283aa992ce1d40e7775f5d42bbb,#!/usr/bin/env bash,,"GEMMA,LLAMA,OLLAMA",low,9
/Users/steven/scripts/schedule_updates.sh,scripts/schedule_updates.sh,schedule_updates.sh,.sh,Shell,AI/ML Tools,3893,2026-02-12T12:40:32.188827,d1ac3977478275d7cb9476bf3fdbaf64,#!/usr/bin/env bash,,,high,137
/Users/steven/scripts/debug_moving_files.sh,scripts/debug_moving_files.sh,debug_moving_files.sh,.sh,Shell,AI/ML Tools,1330,2026-02-12T12:40:32.045917,d704d8cca423ced75823216ff0c0b695,#!/usr/bin/env bash,,,medium,52
/Users/steven/scripts/carbon-automation.sh,scripts/carbon-automation.sh,carbon-automation.sh,.sh,Shell,AI/ML Tools,11011,2026-02-12T12:40:32.004110,702263e554ed63b345b0c0a75a1b3bf4,#!/usr/bin/env bash,,,high,370
/Users/steven/scripts/cleanup_system.sh,scripts/cleanup_system.sh,cleanup_system.sh,.sh,Shell,AI/ML Tools,1611,2026-02-12T12:40:29.437553,57f38c1331bff14f9b98d4025d8f01ca,#!/usr/bin/env bash,,,medium,73
/Users/steven/scripts/autotagger_launcher.sh,scripts/autotagger_launcher.sh,autotagger_launcher.sh,.sh,Shell,AI/ML Tools,930,2026-02-12T12:40:27.706091,c853794f8d2c73e0d265735d7de31fcb,#!/usr/bin/env bash,,,low,35
/Users/steven/scripts/fix_package_conflicts.sh,scripts/fix_package_conflicts.sh,fix_package_conflicts.sh,.sh,Shell,AI/ML Tools,3208,2026-02-12T12:40:25.901376,8264dac58bc63fadb1e9df71e8cf9f00,#!/usr/bin/env bash,,,high,115
/Users/steven/scripts/open_archive.sh,scripts/open_archive.sh,open_archive.sh,.sh,Shell,AI/ML Tools,590,2026-02-12T12:40:31.025207,602fcd3b75e83dae4e4b3a96705a7155,#!/usr/bin/env bash,,,low,23
/Users/steven/scripts/create_cleanup_csv.sh,scripts/create_cleanup_csv.sh,create_cleanup_csv.sh,.sh,Shell,AI/ML Tools,4715,2026-02-12T12:40:37.004901,7a2d1f8b9b2365140c1a96624a0cd374,#!/usr/bin/env bash,,,high,105
/Users/steven/scripts/ai-resource-manager.sh,scripts/ai-resource-manager.sh,ai-resource-manager.sh,.sh,Shell,AI/ML Tools,4186,2026-02-12T12:40:37.058699,eb1767a9358665acb2b538c40881af6d,#!/usr/bin/env bash,,,high,140
/Users/steven/scripts/setup_python_311.sh,scripts/setup_python_311.sh,setup_python_311.sh,.sh,Shell,AI/ML Tools,2683,2026-02-12T12:40:36.224151,cda34d18135926aa6999b36ca0853956,#!/usr/bin/env bash,,,medium,88
/Users/steven/scripts/install_general.sh,scripts/install_general.sh,install_general.sh,.sh,Shell,AI/ML Tools,566,2025-09-03T06:42:18,803895e54b318fc7a85bbcd0cfb46564,#!/usr/bin/env bash,,"MISTRAL,LLAMA,OLLAMA",low,16
/Users/steven/scripts/upscale.sh,scripts/upscale.sh,upscale.sh,.sh,Shell,AI/ML Tools,1588,2026-02-12T12:40:37.650691,19a23a578e8efef7e7782b4906f5e48a,#!/usr/bin/env bash,,,medium,53
/Users/steven/scripts/library_cleanup.sh,scripts/library_cleanup.sh,library_cleanup.sh,.sh,Shell,AI/ML Tools,3553,2026-02-12T12:40:29.202255,d1d914beb010d52b15e7361155c7cb6f,#!/usr/bin/env bash,,GOOGLE,medium,93
/Users/steven/scripts/setup_uv_project.sh,scripts/setup_uv_project.sh,setup_uv_project.sh,.sh,Shell,AI/ML Tools,2872,2026-02-12T12:40:26.143243,b338e849374040b71b6f7143dfb82ee5,#!/usr/bin/env bash,,MAKE,high,159
/Users/steven/scripts/system-resource-governor.sh,scripts/system-resource-governor.sh,system-resource-governor.sh,.sh,Shell,AI/ML Tools,1932,2026-02-12T12:40:26.016891,3526f06fdf9fd2d144b265a6c008b0f3,#!/usr/bin/env bash,,CLAUDE,medium,61
/Users/steven/scripts/setup-api-keys-simple.sh,scripts/setup-api-keys-simple.sh,setup-api-keys-simple.sh,.sh,Shell,AI/ML Tools,11594,2026-02-12T12:40:30.256230,815ed6d942f93d18a40687a87d3ad357,#!/usr/bin/env bash,"$HOME/.env.d/loader.sh,$HOME/.env,~/.activate-ai-apis.sh","NEWSAPI_KEY,NEWSAPI,GROK,OPENAI,SERPAPI_KEY,DEEPGRAM,CLAUDE,OPENAI_API_KEY,STABILITY,ELEVENLABS_API_KEY,SUNO_API_KEY,PINECONE_API_KEY,DEEPSEEK_API_KEY,GROQ_API,ANTHROPIC_API_KEY,ASSEMBLY,XAI_API_KEY,API_KEY,PINECONE,XAI,ANTHROPIC,DEEPGRAM_API_KEY,REPLICATE_API_TOKEN,REPLICATE,GROQ_API_KEY,ELEVEN,SERP,STABILITY_API_KEY,SUNO,GROQ,ASSEMBLYAI_API_KEY",high,351
/Users/steven/scripts/stop.sh,scripts/stop.sh,stop.sh,.sh,Shell,AI/ML Tools,226,2025-10-19T23:28:07,2bebdb9dbc27fa43c431157016ad3576,#!/usr/bin/env bash,,,low,6
/Users/steven/scripts/audio_metadata_csv.sh,scripts/audio_metadata_csv.sh,audio_metadata_csv.sh,.sh,Shell,AI/ML Tools,1354,2025-11-26T07:57:50.079181,5dab942e342151e40f7ce7362cc3666d,#!/usr/bin/env bash,,,medium,42
/Users/steven/scripts/cleanup_safe.sh,scripts/cleanup_safe.sh,cleanup_safe.sh,.sh,Shell,AI/ML Tools,2938,2026-02-12T12:40:27.184545,6d75ec7e5af36242f8accd14009c482d,#!/usr/bin/env bash,,CLAUDE,medium,59
/Users/steven/scripts/ollama_prompt.sh,scripts/ollama_prompt.sh,ollama_prompt.sh,.sh,Shell,AI/ML Tools,1252,2025-09-12T02:10:35.813478,38b63a9671955c99d86452e60cd0ea5b,#!/usr/bin/env bash,,"LLAVA,MISTRAL,LLAMA,OLLAMA",medium,54
/Users/steven/scripts/start_postgres.sh,scripts/start_postgres.sh,start_postgres.sh,.sh,Shell,AI/ML Tools,140,2025-10-19T23:28:07,ebba3579a1c0b52a6d5c0db9cbf8060b,#!/usr/bin/env bash,,,low,5
/Users/steven/scripts/RUN_STATIC_SERVER.sh,scripts/RUN_STATIC_SERVER.sh,RUN_STATIC_SERVER.sh,.sh,Shell,AI/ML Tools,897,2026-02-12T12:40:32.902684,db8475d0eeee8d77b2afbcde6fd9be9d,#!/usr/bin/env bash,,,low,23
/Users/steven/scripts/grok-interactive.sh,scripts/grok-interactive.sh,grok-interactive.sh,.sh,Shell,AI/ML Tools,597,2026-02-12T12:40:24.959234,cf90edce93a45a51dfac9b3d66cbc856,#!/usr/bin/env bash,~/.env.d/loader.sh,"XAI_API_KEY,GROK_API_KEY,GROK,XAI",low,29
/Users/steven/scripts/preview_renames.sh,scripts/preview_renames.sh,preview_renames.sh,.sh,Shell,AI/ML Tools,3756,2026-02-12T12:40:26.331327,05c9c689cbd068c70a17c6e8182c9c3a,#!/usr/bin/env bash,,,medium,102
/Users/steven/scripts/run_volume_analysis_batch.sh,scripts/run_volume_analysis_batch.sh,run_volume_analysis_batch.sh,.sh,Shell,AI/ML Tools,1766,2026-02-12T12:40:35.092468,fbb6cbfc7ad9497081283621d9169a48,#!/usr/bin/env bash,,,medium,70
/Users/steven/scripts/deepindex_examples.sh,scripts/deepindex_examples.sh,deepindex_examples.sh,.sh,Shell,AI/ML Tools,5587,2026-02-12T12:40:37.882154,b293223068780e5cacf127b1443608e1,#!/usr/bin/env bash,,MAKE,high,190
/Users/steven/scripts/setup_xsh_tool.sh,scripts/setup_xsh_tool.sh,setup_xsh_tool.sh,.sh,Shell,AI/ML Tools,1421,2026-02-12T12:40:28.672476,94481b9aed12518b6f13b3e1df73cb32,#!/usr/bin/env bash,,MAKE,medium,41
/Users/steven/scripts/lvl.sh,scripts/lvl.sh,lvl.sh,.sh,Shell,AI/ML Tools,2672,2026-02-12T12:40:27.242977,00b9ea4c677065684535e935450b1a7a,#!/usr/bin/env bash,,GOOGLE,high,113
/Users/steven/scripts/uninstall_reasoning.sh,scripts/uninstall_reasoning.sh,uninstall_reasoning.sh,.sh,Shell,AI/ML Tools,199,2025-09-03T06:42:18,3fcc33c0c2450c1f51f8290bad644668,#!/usr/bin/env bash,,"LLAMA,OLLAMA",low,7
/Users/steven/scripts/model_picker.sh,scripts/model_picker.sh,model_picker.sh,.sh,Shell,AI/ML Tools,3474,2026-02-12T12:40:32.452910,dc78efa95579833a1bd35c1041b90f7e,#!/usr/bin/env bash,,"MISTRAL,LLAMA,TOGETHER,CLAUDE,GROK,OPENAI,XAI,LLAVA,GOOGLE,ANTHROPIC,GROQ,PERPLEXITY",high,136
/Users/steven/scripts/iterm2_full_tree.py,scripts/iterm2_full_tree.py,iterm2_full_tree.py,.py,Python,AI/ML Tools,2766,2026-02-11T18:40:49.347855,94bd87e21308ec200b9e0c7ed1ed87a1,#!/usr/bin/env python3,"__future__,argparse,pathlib,os","CLAUDE,GROK",medium,84
/Users/steven/scripts/sortD.sh,scripts/sortD.sh,sortD.sh,.sh,Shell,AI/ML Tools,715,2026-02-12T12:40:25.417163,03e5f32af48c1ada3e802d2d7fdd1ae7,#!/usr/bin/env bash,,,low,32
/Users/steven/scripts/configure_python_default.sh,scripts/configure_python_default.sh,configure_python_default.sh,.sh,Shell,AI/ML Tools,2484,2026-02-12T12:40:33.169563,bc14d8905e4827949a38b8f6b7f4d452,#!/usr/bin/env bash,,,medium,79
/Users/steven/scripts/search_files.sh,scripts/search_files.sh,search_files.sh,.sh,Shell,AI/ML Tools,904,2026-02-12T12:40:37.547116,be192c77cdadc55eeb930671f211f2a7,#!/usr/bin/env bash,,,low,32
/Users/steven/scripts/auto.sh,scripts/auto.sh,auto.sh,.sh,Shell,AI/ML Tools,1041,2026-02-12T12:40:29.938464,39253ee899ab2e49e1b8b443b676427d,#!/usr/bin/env bash,,,low,31
/Users/steven/scripts/RUN_ALL_PROJECTS.sh,scripts/RUN_ALL_PROJECTS.sh,RUN_ALL_PROJECTS.sh,.sh,Shell,AI/ML Tools,1983,2026-02-12T12:40:29.611059,a5bf95470fd5fb1dc720ad53b76b1001,#!/usr/bin/env bash,,,medium,48
/Users/steven/scripts/xvif-to-jpg.sh,scripts/xvif-to-jpg.sh,xvif-to-jpg.sh,.sh,Shell,AI/ML Tools,745,2026-02-12T12:40:30.410165,80f275eb1bf3082a045ed499ea871351,#!/usr/bin/env bash,,,low,29
/Users/steven/scripts/oh-my-zsh.sh,scripts/oh-my-zsh.sh,oh-my-zsh.sh,.sh,Shell,AI/ML Tools,18381,2026-02-12T12:40:28.920207,34ca1bcd27d95bb1b3cf245e1cac90b1,#!/usr/bin/env bash,,"GOOGLE,MAKE",high,556
/Users/steven/scripts/setup_all_envs.sh,scripts/setup_all_envs.sh,setup_all_envs.sh,.sh,Shell,AI/ML Tools,5445,2026-02-12T12:40:25.076908,2d4a44ea242244ee07e91a976c8cdc6f,#!/usr/bin/env bash,,,high,151
/Users/steven/scripts/clean_global_pip.sh,scripts/clean_global_pip.sh,clean_global_pip.sh,.sh,Shell,AI/ML Tools,2990,2026-02-12T12:40:32.597533,235c86749ed04fc0df3e6270238d880c,#!/usr/bin/env bash,,,medium,107
/Users/steven/scripts/combine.sh,scripts/combine.sh,combine.sh,.sh,Shell,AI/ML Tools,2500,2026-02-12T12:40:34.457895,4cb637ab428b533cef0a69af08ecc319,#!/usr/bin/env bash,,,medium,73
/Users/steven/scripts/ollama_install.sh,scripts/ollama_install.sh,ollama_install.sh,.sh,Shell,AI/ML Tools,465,2025-09-03T06:42:18,61e3f4d2b543f3b86bda64cae12368db,#!/usr/bin/env bash,,"LLAMA,OLLAMA",low,12
/Users/steven/scripts/test_ts_quicklook.sh,scripts/test_ts_quicklook.sh,test_ts_quicklook.sh,.sh,Shell,AI/ML Tools,707,2026-02-12T12:40:34.236820,ab1f34c3e62c0459d27a229d3c6d52c0,#!/usr/bin/env bash,,,low,38
/Users/steven/scripts/QUICK_FIX_COMMANDS.sh,scripts/QUICK_FIX_COMMANDS.sh,QUICK_FIX_COMMANDS.sh,.sh,Shell,AI/ML Tools,4209,2026-02-12T12:40:31.662245,bd15cd9c3d59066cb6aaded112cbd5e1,#!/usr/bin/env bash,"~/.zshrc,venv/bin/activate",,high,182
/Users/steven/scripts/ai_tools_menu_simple.sh,scripts/ai_tools_menu_simple.sh,ai_tools_menu_simple.sh,.sh,Shell,AI/ML Tools,6101,2026-02-12T12:40:30.104758,a30dc1f07df65c6b8d52e2804047d590,#!/usr/bin/env bash,$HOME/.env.d/loader.sh,"XAI_API_KEY,LLAMA,GROK_API_KEY,GROK,OPENAI,XAI,CLAUDE,OPENAI_API_KEY,OLLAMA",high,225
/Users/steven/scripts/ai-cli-diagnostics.sh,scripts/ai-cli-diagnostics.sh,ai-cli-diagnostics.sh,.sh,Shell,AI/ML Tools,4427,2026-02-12T12:40:30.183473,ef4e9625dd1ace020a2efa7e94f2c14e,#!/usr/bin/env bash,,"TOKEN,APIKEY,GROK,OPENAI,XAI",medium,121
/Users/steven/scripts/improve_logging.sh,scripts/improve_logging.sh,improve_logging.sh,.sh,Shell,AI/ML Tools,2647,2026-02-12T12:39:06.557972,35bce01c9f5353b3339148148f9a50f9,#!/usr/bin/env bash,,,medium,92
/Users/steven/scripts/npx-wrapper.sh,scripts/npx-wrapper.sh,npx-wrapper.sh,.sh,Shell,AI/ML Tools,187,2026-02-12T12:40:27.649694,eca6546f429e64995e08d54e63f6aefc,#!/usr/bin/env bash,,,low,8
/Users/steven/scripts/convert_webm_to_mp3.sh,scripts/convert_webm_to_mp3.sh,convert_webm_to_mp3.sh,.sh,Shell,AI/ML Tools,842,2026-02-12T12:40:37.439708,6ffedbd7b29760a2708d53fd377c10ee,#!/usr/bin/env bash,,,low,28
/Users/steven/scripts/fix_quicklook_conflicts.sh,scripts/fix_quicklook_conflicts.sh,fix_quicklook_conflicts.sh,.sh,Shell,AI/ML Tools,3286,2026-02-12T12:40:35.262154,2c85360ab5a112d5da352fbe3422c331,#!/usr/bin/env bash,,,high,96
/Users/steven/scripts/list_packages.sh,scripts/list_packages.sh,list_packages.sh,.sh,Shell,AI/ML Tools,2075,2026-02-12T12:40:34.308457,3b629f24c86c31d5493ab9788b176a69,#!/usr/bin/env bash,,MAKE,medium,66
/Users/steven/scripts/zshrc_debug_questions.sh,scripts/zshrc_debug_questions.sh,zshrc_debug_questions.sh,.sh,Shell,AI/ML Tools,5119,2026-02-12T12:39:31.387097,11ece098a17ccfca6dff29e29ed8f645,#!/usr/bin/env bash,,"LLAMA,GROK,OPENAI,GOOGLE,SUNO,OLLAMA",medium,106
/Users/steven/scripts/bulk_download.sh,scripts/bulk_download.sh,bulk_download.sh,.sh,Shell,AI/ML Tools,1600,2026-02-12T12:40:36.957610,13321b7f007a54f781c521c7cbef735f,#!/usr/bin/env bash,config.sh,"CLIENT_SECRET,SPOTIPY_CLIENT_SECRET,MAKE",medium,38
/Users/steven/scripts/compress_videos.sh,scripts/compress_videos.sh,compress_videos.sh,.sh,Shell,AI/ML Tools,1027,2026-02-12T12:40:32.836494,6be2ccf608d2057790d0ddcabd66b0c1,#!/usr/bin/env bash,,,low,32
/Users/steven/scripts/agent_forge/apps/provenance_audit.py,scripts/agent_forge/apps/provenance_audit.py,provenance_audit.py,.py,Python,AI/ML Tools,2301,2026-02-06T22:36:02.797211,ade2d4ab87620dbed7d80be692f9c44e,#!/usr/bin/env python3,"__future__,json,lib_provenance,typing,argparse,pathlib",,medium,66
/Users/steven/scripts/deploy-to-github_20251023210156.sh,scripts/deploy-to-github_20251023210156.sh,deploy-to-github_20251023210156.sh,.sh,Shell,AI/ML Tools,12278,2026-02-12T12:40:28.491068,e5c7f574d851bb5776388ecec11c27e9,#!/usr/bin/env bash,,,high,473
/Users/steven/scripts/fix.sh,scripts/fix.sh,fix.sh,.sh,Shell,AI/ML Tools,5187,2026-02-12T12:39:27.156434,a7ce6614e1d3fa2681984385dd583257,#!/usr/bin/env bash,,,high,175
/Users/steven/scripts/remove-unused-python-packages.sh,scripts/remove-unused-python-packages.sh,remove-unused-python-packages.sh,.sh,Shell,AI/ML Tools,3666,2026-02-12T12:40:27.014874,30ef806fde348c988ca7d0c8bb74c1cb,#!/usr/bin/env bash,,,medium,100
/Users/steven/scripts/add_error_handling.sh,scripts/add_error_handling.sh,add_error_handling.sh,.sh,Shell,AI/ML Tools,1991,2026-02-12T12:37:57.671501,8cea06c62cdb279ce80c5d0916771e14,#!/usr/bin/env bash,,,medium,74
/Users/steven/scripts/run.sh,scripts/run.sh,run.sh,.sh,Shell,AI/ML Tools,882,2026-02-12T12:40:30.980566,03a73132705ff60bf59faf88ef388891,#!/usr/bin/env bash,,,medium,38
/Users/steven/scripts/uninstall_vision.sh,scripts/uninstall_vision.sh,uninstall_vision.sh,.sh,Shell,AI/ML Tools,213,2025-09-03T06:42:18,eca56673087af106acb02b66f8f0aa30,#!/usr/bin/env bash,,"GEMMA,LLAVA,LLAMA,OLLAMA",low,8
/Users/steven/scripts/process_music copy.sh,scripts/process_music copy.sh,process_music copy.sh,.sh,Shell,AI/ML Tools,874,2026-02-12T12:40:37.406591,6dad7569c2a4546916e3b1a55ae083e5,#!/usr/bin/env bash,,,low,31
/Users/steven/scripts/trans.sh,scripts/trans.sh,trans.sh,.sh,Shell,AI/ML Tools,2649,2025-12-03T22:26:30.798467,eafe2bd1d784f727bfd9b2f747a45d58,#!/usr/bin/env bash,~/.env.d/loader.sh,"WHISPER,OPENAI",medium,69
/Users/steven/scripts/seo_optimization_automation.sh,scripts/seo_optimization_automation.sh,seo_optimization_automation.sh,.sh,Shell,AI/ML Tools,11102,2026-02-12T12:40:34.863504,798523812f24ba7284cb3b4ef0cc64e9,#!/usr/bin/env bash,,MAKE,high,284
/Users/steven/scripts/setup-api-keys-final.sh,scripts/setup-api-keys-final.sh,setup-api-keys-final.sh,.sh,Shell,AI/ML Tools,13048,2026-02-12T12:40:36.431972,cbde5df4c0e85694f1dc6c909a13f4d5,#!/usr/bin/env bash,"$file,~/.activate-ai-apis.sh","NEWSAPI_KEY,NEWSAPI,GROK,OPENAI,SERPAPI_KEY,DEEPGRAM,CLAUDE,OPENAI_API_KEY,STABILITY,YOUR_ACTUAL_API_KEY,ELEVENLABS_API_KEY,SUNO_API_KEY,PINECONE_API_KEY,DEEPSEEK_API_KEY,GROQ_API,ANTHROPIC_API_KEY,ASSEMBLY,XAI_API_KEY,API_KEY,PINECONE,XAI,ANTHROPIC,DEEPGRAM_API_KEY,REPLICATE_API_TOKEN,REPLICATE,GROQ_API_KEY,ELEVEN,SERP,STABILITY_API_KEY,SUNO,GROQ,ASSEMBLYAI_API_KEY",high,395
/Users/steven/scripts/ollama_main_only.sh,scripts/ollama_main_only.sh,ollama_main_only.sh,.sh,Shell,AI/ML Tools,5191,2025-09-03T06:54:26,f531178ea64d77165ca08946318c097f,#!/usr/bin/env bash,,"LLAVA,OLLAMA,LLAMA,DESCRIBE",high,169
/Users/steven/scripts/cleanup_home.sh,scripts/cleanup_home.sh,cleanup_home.sh,.sh,Shell,AI/ML Tools,7330,2026-02-12T12:40:27.101366,545df2c7d45be15189c1d94e9a5780a2,#!/usr/bin/env bash,,CLAUDE,high,225
/Users/steven/scripts/utils/common_utils.sh,scripts/utils/common_utils.sh,common_utils.sh,.sh,Shell,AI/ML Tools,7265,2026-02-12T12:37:15.856621,029f19ea49d80f6f95654c427c8fbdbe,#!/usr/bin/env bash,$env_file,,high,338
/Users/steven/scripts/cleanup_temp_files.sh,scripts/cleanup_temp_files.sh,cleanup_temp_files.sh,.sh,Shell,AI/ML Tools,1840,2026-02-12T12:40:31.449758,d213be90e188e9f6e1ab220e1cca62cc,#!/usr/bin/env bash,,,medium,59
/Users/steven/scripts/Lyra Exporter Fetch-7.5.user.js,scripts/Lyra Exporter Fetch-7.5.user.js,Lyra Exporter Fetch-7.5.user.js,.js,JavaScript,AI/ML Tools,110751,2025-11-27T19:04:27.047569,986dc20b69ef57e3f0d5f55829dab3ba,,,"TOKEN,ENSUREACCESSTOKEN,HASTOKEN,CLAUDE,OPENAI,CHATGPTACCESSTOKEN,MAKE,SERP,STABLE,GOOGLE,ACCESSTOKEN",high,2397
/Users/steven/scripts/start-mobile.sh,scripts/start-mobile.sh,start-mobile.sh,.sh,Shell,AI/ML Tools,872,2026-02-12T12:40:50.005504,06c6111df4ec150169a90f08d07478c5,#!/usr/bin/env bash,,,medium,42
/Users/steven/scripts/sort-bak.sh,scripts/sort-bak.sh,sort-bak.sh,.sh,Shell,AI/ML Tools,1778,2026-02-12T12:40:32.802695,6f7f16e1375b2b3226deaca04cb54510,#!/usr/bin/env bash,,,medium,73
/Users/steven/scripts/cleanup.sh,scripts/cleanup.sh,cleanup.sh,.sh,Shell,AI/ML Tools,8934,2026-02-12T12:39:38.426804,2592adf136cafa9fb74d6297565e53f6,#!/usr/bin/env bash,,"LLAMA,GOOGLE,OLLAMA",high,307
/Users/steven/scripts/agent_forge/apps/lib_xeo.py,scripts/agent_forge/apps/lib_xeo.py,lib_xeo.py,.py,Python,AI/ML Tools,37754,2026-02-06T22:54:20.810922,92fc39b9406139d20d0849a55e00c5b8,#!/usr/bin/env python3,"urllib.parse,re,os,__future__,email.utils,datetime,html.parser,urllib.request,dataclasses,json,typing,pathlib","TOKEN,WHISPER,OPENAI",high,1209
/Users/steven/scripts/clean_directory_names.sh,scripts/clean_directory_names.sh,clean_directory_names.sh,.sh,Shell,AI/ML Tools,3540,2026-02-12T12:40:28.225390,7fa2cde13f5fc9738d520e5d55e8a435,#!/usr/bin/env bash,,,high,116
/Users/steven/scripts/fix-python.sh,scripts/fix-python.sh,fix-python.sh,.sh,Shell,AI/ML Tools,492,2026-02-12T12:40:32.970245,52cfc99dfd65c234ea7c1799f7692dc2,#!/usr/bin/env bash,,,low,31
/Users/steven/scripts/generate_advanced_meta_csv.py,scripts/generate_advanced_meta_csv.py,generate_advanced_meta_csv.py,.py,Python,AI/ML Tools,13175,2026-02-12T13:01:19.847023,849c281d357ee995f16b8acfee8a4aef,#!/usr/bin/env python3,"re,subprocess,os,datetime,sys,json,hashlib,pathlib,csv","OPENROUTER,NEWSAPI,ZEP,MAKE,LIGHTLLM,EXLLAMAV2,STABLE,FLEXLLM,OLLAMA,MOONVALLEY,UPSTAGE,LLAMA_GUARD,TTS,MINIGPT,GROQ_API,PINECONE,ORCA,FALCON,ARCGIS,WHISPER,TOGETHER,OPENAI,VICUNA,SGLANG,HUGGINGFACE,TOKEN,GEMMA,CODELLAMA,EXLLAMA,QDRANT,ASSEMBLY,PHOENIX,MIDJOURNEY,BLIP,GRAD-SUM,DEEPK,TEXT-EMBEDDING-INFERENCE,IMAGE_GEN,REPLICATE,ELEVEN,VECTARA,SUNO,GROQ,SPEECHMATICS,PERPLEXITY,CHAMELEON,CHROMA,MISTRAL,GROK,CLAUDE,DEEPGRAM,GOOGLE_AI,GPTQ_FOR_LLAMAS,LLAVA,STABILITY,FIREWORKS,ZAPIER,AUTOGPTQ,GOOGLE,INFLLM,SUPERNORMAL,SECRET,DESCRIBE,PROMPT_API,IDEFICS,REVAI,ANTHROPIC,AZURE,LLAMA,GPT4ALL,RUNWAY,TEI,AUTOAWQ,COHERE,LEONARDO,PPLX,SLITE,AWQ,GPTQ,SONIX,XAI,DALLE,VOYAGE,NUCLIA,GROQ_API_KEY,LANGSMITH,TWILIO,SERP,NOTION,EXTRACT_API_KEY,JINAAI",high,376
/Users/steven/scripts/auto_activate.sh,scripts/auto_activate.sh,auto_activate.sh,.sh,Shell,AI/ML Tools,2590,2026-02-12T12:40:32.640110,cb994c108983eff7dba52b8bf7dbe64c,#!/usr/bin/env bash,,,high,76
/Users/steven/scripts/tshirt.sh,scripts/tshirt.sh,tshirt.sh,.sh,Shell,AI/ML Tools,869,2026-02-12T12:40:37.367217,26073cbd79af9234a9a2c158401c5e16,#!/usr/bin/env bash,,,low,29
/Users/steven/scripts/.git/ai/working_logs/initial/blobs/d7917e4fd395dd68f8d22d9ff7c02dd410c309991a7f17c579875a753571dc87,scripts/.git/ai/working_logs/initial/blobs/d7917e4fd395dd68f8d22d9ff7c02dd410c309991a7f17c579875a753571dc87,d7917e4fd395dd68f8d22d9ff7c02dd410c309991a7f17c579875a753571dc87,,Shell,AI/ML Tools,3972,2026-02-11T19:41:04.645429,933870058b657e5ef3074f3a58cca031,#!/usr/bin/env bash,,,high,117
/Users/steven/scripts/download_new_files.sh,scripts/download_new_files.sh,download_new_files.sh,.sh,Shell,AI/ML Tools,753,2026-02-12T12:40:25.710547,32e9a526595840841f30bb12dca6387c,#!/usr/bin/env bash,,,low,26
/Users/steven/scripts/install_miniforge_default.sh,scripts/install_miniforge_default.sh,install_miniforge_default.sh,.sh,Shell,AI/ML Tools,1733,2026-02-12T12:40:28.969295,f337009c467b6b066a2695968039ffab,#!/usr/bin/env bash,$INSTALL_DIR/etc/profile.d/conda.sh,,medium,50
/Users/steven/scripts/noi_data_checker.sh,scripts/noi_data_checker.sh,noi_data_checker.sh,.sh,Shell,AI/ML Tools,3598,2026-02-12T12:40:30.706587,c2415be7725a2976f713073a84a6229a,#!/usr/bin/env bash,,"PERPLEXITY,CLAUDE,GROK",medium,88
/Users/steven/scripts/resolve_lost_files_complete.sh,scripts/resolve_lost_files_complete.sh,resolve_lost_files_complete.sh,.sh,Shell,AI/ML Tools,10021,2026-02-12T12:40:32.549952,5927fd7efe79b910e11212b39fb2b995,#!/usr/bin/env bash,,,high,203
/Users/steven/scripts/convert_to_mp3s.sh,scripts/convert_to_mp3s.sh,convert_to_mp3s.sh,.sh,Shell,AI/ML Tools,2393,2026-02-12T12:40:28.714629,249331c513dd4b4732935a91f0092d17,#!/usr/bin/env bash,,GOOGLE,low,39
/Users/steven/scripts/.git/ai/working_logs/initial/blobs/19e251ee2febd1f04c4bd38c99240996df04ca85daec52cfac60fc5dbf424a9a,scripts/.git/ai/working_logs/initial/blobs/19e251ee2febd1f04c4bd38c99240996df04ca85daec52cfac60fc5dbf424a9a,19e251ee2febd1f04c4bd38c99240996df04ca85daec52cfac60fc5dbf424a9a,,Shell,AI/ML Tools,868,2026-02-11T21:02:54.349377,d3861f7421742599672741cb1772d3e5,#!/usr/bin/env bash,,"CLAUDE,GROK",low,26
/Users/steven/scripts/convert_to_mp3.sh,scripts/convert_to_mp3.sh,convert_to_mp3.sh,.sh,Shell,AI/ML Tools,1675,2026-02-12T12:40:35.681429,800a736b2ea5be6c8f4bd33720f02830,#!/usr/bin/env bash,$HOME/miniconda3/etc/profile.d/conda.sh,,medium,58
/Users/steven/scripts/down.sh,scripts/down.sh,down.sh,.sh,Shell,AI/ML Tools,455,2026-02-12T12:40:35.629525,a4a3e766c8024ddd82c6bad0fbbdc63c,#!/usr/bin/env bash,,,low,21
/Users/steven/scripts/rsnapreport.pl,scripts/rsnapreport.pl,rsnapreport.pl,.pl,Perl,AI/ML Tools,5342,2025-05-31T00:14:28.905974,3839b76c9aa605a67ab8d4fa884928ac,#!/usr/bin/env perl,,,high,150
/Users/steven/scripts/.git/ai/working_logs/initial/blobs/54c7c78cd71da41fe54967322957c33833ab0026d19fd4aaca16d2cd6b0c9d75,scripts/.git/ai/working_logs/initial/blobs/54c7c78cd71da41fe54967322957c33833ab0026d19fd4aaca16d2cd6b0c9d75,54c7c78cd71da41fe54967322957c33833ab0026d19fd4aaca16d2cd6b0c9d75,,Shell,AI/ML Tools,1031,2026-02-11T21:02:54.349251,d3c476d519a9c4a3243454f994b09b87,#!/usr/bin/env bash,,,low,30
/Users/steven/scripts/SETUP_ALL_PROJECTS.sh,scripts/SETUP_ALL_PROJECTS.sh,SETUP_ALL_PROJECTS.sh,.sh,Shell,AI/ML Tools,4989,2026-02-12T12:40:34.116773,7d9dbe6d18fcd916a2eeb39009286ca5,#!/usr/bin/env bash,,,high,128
/Users/steven/scripts/.git/ai/working_logs/initial/blobs/269f6cb99f4bdab676a72537419f27ab3c75524233e5d628604c813eee2d0215,scripts/.git/ai/working_logs/initial/blobs/269f6cb99f4bdab676a72537419f27ab3c75524233e5d628604c813eee2d0215,269f6cb99f4bdab676a72537419f27ab3c75524233e5d628604c813eee2d0215,,Shell,AI/ML Tools,3942,2026-02-11T19:23:12.436841,37a3450f93bae71e6644a8fef201d7b0,#!/usr/bin/env bash,,,high,116
/Users/steven/scripts/masterxeo-orchestrator.sh,scripts/masterxeo-orchestrator.sh,masterxeo-orchestrator.sh,.sh,Shell,AI/ML Tools,13217,2026-02-12T12:40:31.854651,1fac63e007c4ff26deb2c4d82b8a26c8,#!/usr/bin/env bash,,"CLAUDE,GROK",high,410
/Users/steven/scripts/content_quality_analyzer.sh,scripts/content_quality_analyzer.sh,content_quality_analyzer.sh,.sh,Shell,AI/ML Tools,15816,2026-02-12T12:40:34.200134,0979d38e02e92529db30fcaa67c46286,#!/usr/bin/env bash,,,high,332
/Users/steven/scripts/recursive_content_aware_rename.sh,scripts/recursive_content_aware_rename.sh,recursive_content_aware_rename.sh,.sh,Shell,AI/ML Tools,11977,2026-02-12T12:40:25.654926,1eb0e08785384e5f5703be9ad5952646,#!/usr/bin/env bash,,,high,335
/Users/steven/scripts/run_final_whisper_to_csv.sh,scripts/run_final_whisper_to_csv.sh,run_final_whisper_to_csv.sh,.sh,Shell,AI/ML Tools,253,2026-02-12T12:40:36.813057,3706b98dc63e4b3d548288d6cf275377,#!/usr/bin/env bash,,WHISPER,low,6
/Users/steven/scripts/shorty.sh,scripts/shorty.sh,shorty.sh,.sh,Shell,AI/ML Tools,1883,2026-02-12T12:40:38.075768,b8777702e2296b213c4fb3a213bccd34,#!/usr/bin/env bash,,,medium,58
/Users/steven/scripts/dev.sh,scripts/dev.sh,dev.sh,.sh,Shell,AI/ML Tools,184,2026-02-12T12:40:29.108859,fbfb4db6bcad42e5fd0dd8195672a8e6,#!/usr/bin/env bash,,,low,10
/Users/steven/scripts/package_manager_cleanup.sh,scripts/package_manager_cleanup.sh,package_manager_cleanup.sh,.sh,Shell,System Maintenance,7430,2026-02-12T12:40:25.385367,dfe44c053cbfdb74e3452e3cd730147e,#!/usr/bin/env bash,myproject_env/bin/activate,,high,284
/Users/steven/scripts/agent_forge/mcp/provenance_mcp.py,scripts/agent_forge/mcp/provenance_mcp.py,provenance_mcp.py,.py,Python,AI/ML Tools,2764,2026-02-06T22:36:40.851625,893dc3ae7cbe5feb518a4b4a8898ec69,#!/usr/bin/env python3,"__future__,sys,json,lib_provenance,typing,pathlib",,medium,90
/Users/steven/scripts/Documents-cleanup.sh,scripts/Documents-cleanup.sh,Documents-cleanup.sh,.sh,Shell,AI/ML Tools,5847,2026-02-12T12:40:24.994027,5cf093cde111046405b96a7b6dce7601,#!/usr/bin/env bash,,,high,183
/Users/steven/scripts/install_dependencies.sh,scripts/install_dependencies.sh,install_dependencies.sh,.sh,Shell,AI/ML Tools,203,2026-02-12T12:40:28.587148,265bcf1cdb01ba2f5269cb4f88829799,#!/usr/bin/env bash,,,low,7
/Users/steven/scripts/zshrc_manager.sh,scripts/zshrc_manager.sh,zshrc_manager.sh,.sh,Shell,AI/ML Tools,4994,2026-02-12T12:40:32.936286,ed5848baadcee35836cbbfac4a593d75,#!/usr/bin/env bash,,,high,179
/Users/steven/scripts/process_music2.sh,scripts/process_music2.sh,process_music2.sh,.sh,Shell,AI/ML Tools,1567,2026-02-12T12:40:33.207816,f41aaa87510eed28ce3df529ba82ebce,#!/usr/bin/env bash,,,medium,43
/Users/steven/scripts/grok_integration.sh,scripts/grok_integration.sh,grok_integration.sh,.sh,Shell,AI/ML Tools,4182,2026-02-12T12:40:33.729934,b0576c805c9230d0b555c086a52c7adb,#!/usr/bin/env bash,~/.env.d/loader.sh,"XAI_API_KEY,LLAMA,GROK_API_KEY,GROK,XAI,OLLAMA",high,181
/Users/steven/scripts/merge_diff_1.sh,scripts/merge_diff_1.sh,merge_diff_1.sh,.sh,Shell,AI/ML Tools,1424,2026-02-12T12:40:28.534476,0f9593a5de287411d063efce46b9535e,#!/usr/bin/env bash,,,medium,43
/Users/steven/scripts/split_tall_images.sh,scripts/split_tall_images.sh,split_tall_images.sh,.sh,Shell,AI/ML Tools,1243,2026-02-12T12:40:27.950468,cf2bedc0f4303fce6bca047d980cab88,#!/usr/bin/env bash,,,medium,43
/Users/steven/scripts/setup.sh,scripts/setup.sh,setup.sh,.sh,Shell,AI/ML Tools,628,2026-02-12T12:40:25.133459,9b9ab9e92f119d530fcfa576e9162ab6,#!/usr/bin/env bash,,SUNO,low,32
/Users/steven/scripts/updater-pro.sh,scripts/updater-pro.sh,updater-pro.sh,.sh,Shell,AI/ML Tools,14181,2026-02-12T12:40:25.751682,f2bf09ed0262fe0fdd3ff9193c1fc7f1,#!/usr/bin/env bash,$venv_dir/bin/activate,,high,507
/Users/steven/scripts/remove_phase1_safe.sh,scripts/remove_phase1_safe.sh,remove_phase1_safe.sh,.sh,Shell,AI/ML Tools,3488,2026-02-12T12:40:25.785544,aa11c4aeb6b953abf96053f1b3d9bd1d,#!/usr/bin/env bash,,LEONARDO,high,108
/Users/steven/scripts/grok-diagnostics.sh,scripts/grok-diagnostics.sh,grok-diagnostics.sh,.sh,Shell,AI/ML Tools,2101,2026-02-12T12:40:36.607666,522ea972f119734133f2324a251faf1b,#!/usr/bin/env bash,,"XAI_API_KEY,GROK_API_KEY,GROK,APIKEY,XAI",medium,68
/Users/steven/scripts/setup_gainesville_site.sh,scripts/setup_gainesville_site.sh,setup_gainesville_site.sh,.sh,Shell,AI/ML Tools,5858,2026-02-12T12:40:26.216515,9fa1ed165ab075042271146356baef6a,#!/usr/bin/env bash,,GOOGLE,high,196
/Users/steven/scripts/upshort.sh,scripts/upshort.sh,upshort.sh,.sh,Shell,AI/ML Tools,1372,2026-02-12T12:40:35.590518,67ea624e2910776de3332b55f072fa36,#!/usr/bin/env bash,,,medium,46
/Users/steven/scripts/install_embeddings.sh,scripts/install_embeddings.sh,install_embeddings.sh,.sh,Shell,AI/ML Tools,623,2025-09-03T06:42:18,9e9c431349896a2a248c11c3eb6ab706,#!/usr/bin/env bash,,"LLAMA,OLLAMA",low,16
/Users/steven/scripts/sorty.sh,scripts/sorty.sh,sorty.sh,.sh,Shell,AI/ML Tools,900,2026-02-12T12:40:26.587474,b355a637e8317eabbb220832f5343506,#!/usr/bin/env bash,,,medium,39
/Users/steven/scripts/execute_all_content_aware_rename.sh,scripts/execute_all_content_aware_rename.sh,execute_all_content_aware_rename.sh,.sh,Shell,AI/ML Tools,10743,2026-02-12T12:40:28.412390,7b428a4a3c1e588d8859ec1fff33bf01,#!/usr/bin/env bash,,,high,304
/Users/steven/scripts/masterxeo-status-check.sh,scripts/masterxeo-status-check.sh,masterxeo-status-check.sh,.sh,Shell,AI/ML Tools,4663,2026-02-12T12:40:33.357176,33da4fb2ab45f9b1e481e57c0025f500,#!/usr/bin/env bash,,,high,129
/Users/steven/scripts/transcribe.sh,scripts/transcribe.sh,transcribe.sh,.sh,Shell,AI/ML Tools,1413,2026-02-12T12:40:27.566647,6a78ac9fed2de690cb261104301bd615,#!/usr/bin/env bash,,,medium,43
/Users/steven/scripts/cleanup_large_folders.sh,scripts/cleanup_large_folders.sh,cleanup_large_folders.sh,.sh,Shell,AI/ML Tools,10802,2026-02-12T12:40:31.165088,afc1cd0e10b526653fd37b8f5cef9fc2,#!/usr/bin/env bash,,"CLAUDE,LLAMA,GOOGLE,OLLAMA",high,284
/Users/steven/scripts/update_qwen_history.sh,scripts/update_qwen_history.sh,update_qwen_history.sh,.sh,Shell,AI/ML Tools,490,2026-02-12T12:40:33.008489,91b3ef2ca042a4469da24f9b575c1b68,#!/usr/bin/env bash,,,low,15
/Users/steven/scripts/rsnapshot-diff.pl,scripts/rsnapshot-diff.pl,rsnapshot-diff.pl,.pl,Perl,AI/ML Tools,8773,2025-05-31T00:12:54.751570,c5de5c86e7f5df20bfdf7eca4798513e,#!@PERL@ -w,,,high,296
/Users/steven/scripts/final_masterxeo_organization.sh,scripts/final_masterxeo_organization.sh,final_masterxeo_organization.sh,.sh,Shell,AI/ML Tools,8714,2026-02-12T12:40:33.244499,c85cb44a6ea0a2a3f26974ca826bf0f1,#!/usr/bin/env bash,,,high,147
/Users/steven/scripts/setup_project.sh,scripts/setup_project.sh,setup_project.sh,.sh,Shell,AI/ML Tools,2123,2026-02-04T00:58:51.208744,14b57c0cb033922fb0b26ff3cfd1cc1b,#!/usr/bin/env bash,,YOUTUBE_API_KEY,medium,80
/Users/steven/scripts/resolve_lost_files.sh,scripts/resolve_lost_files.sh,resolve_lost_files.sh,.sh,Shell,AI/ML Tools,5987,2026-02-12T12:40:30.667307,10e7ae7547458b269539b7d05f37e9ae,#!/usr/bin/env bash,,,high,148
/Users/steven/scripts/o250.sh,scripts/o250.sh,o250.sh,.sh,Shell,AI/ML Tools,1072,2026-02-12T12:40:33.327779,b8d0850cdd68b217fdc033bf5659c597,#!/usr/bin/env bash,,,medium,40
/Users/steven/scripts/rename_first_10.sh,scripts/rename_first_10.sh,rename_first_10.sh,.sh,Shell,AI/ML Tools,3528,2026-02-12T12:40:29.978485,473c769fb5b9dda987fceccd0b3ba9ee,#!/usr/bin/env bash,,,high,131
/Users/steven/scripts/list.sh,scripts/list.sh,list.sh,.sh,Shell,AI/ML Tools,1950,2026-02-12T12:40:34.346607,b5e1157bc6c24c749109c2f8174cc45e,#!/usr/bin/env bash,,,medium,83
/Users/steven/scripts/.git/ai/working_logs/initial/blobs/0fe7c5e6f1d10305f59fafa563b26748e3454b1b40476a6b7b25eff5d3bfa4fb,scripts/.git/ai/working_logs/initial/blobs/0fe7c5e6f1d10305f59fafa563b26748e3454b1b40476a6b7b25eff5d3bfa4fb,0fe7c5e6f1d10305f59fafa563b26748e3454b1b40476a6b7b25eff5d3bfa4fb,,Shell,AI/ML Tools,4962,2026-02-11T20:39:50.531981,da3251e7015d6cf5a7775a9dd8b66fc9,#!/usr/bin/env bash,,,high,143
/Users/steven/scripts/disk_cleanup_analysis.sh,scripts/disk_cleanup_analysis.sh,disk_cleanup_analysis.sh,.sh,Shell,AI/ML Tools,6742,2026-02-12T12:40:28.816607,8c0810a3bca6d5b80f56fd9bb91173c0,#!/usr/bin/env bash,,"LLAMA,GOOGLE",high,204
/Users/steven/scripts/.git/ai/working_logs/initial/blobs/7f64ea8c036b41c75becde32451193cbc13132cfc8bf1fa71f10c9d84c96591e,scripts/.git/ai/working_logs/initial/blobs/7f64ea8c036b41c75becde32451193cbc13132cfc8bf1fa71f10c9d84c96591e,7f64ea8c036b41c75becde32451193cbc13132cfc8bf1fa71f10c9d84c96591e,,Shell,AI/ML Tools,4560,2026-02-11T20:37:25.994637,1c8fb509b0439e03824357015109894c,#!/usr/bin/env bash,,,high,132
/Users/steven/scripts/.git/ai/working_logs/initial/blobs/6625e3a94e06635bbcd1303d768e52fd875b488034ccb2ef469fd36323d13674,scripts/.git/ai/working_logs/initial/blobs/6625e3a94e06635bbcd1303d768e52fd875b488034ccb2ef469fd36323d13674,6625e3a94e06635bbcd1303d768e52fd875b488034ccb2ef469fd36323d13674,,Shell,AI/ML Tools,4027,2026-02-11T19:23:47.402030,36c9b3e349de9c0f5b714f41bb69e098,#!/usr/bin/env bash,,,high,117
/Users/steven/scripts/advanced-system-maintenance-v5.sh,scripts/advanced-system-maintenance-v5.sh,advanced-system-maintenance-v5.sh,.sh,Shell,AI/ML Tools,56661,2026-02-12T12:40:29.308909,f4aa03e8a18ba4b11830336774dd2806,#!/usr/bin/env bash,$CONFIG_FILE,"CLAUDE,GROK",high,1442
/Users/steven/scripts/.git/ai/working_logs/initial/blobs/433e0d441dccd8cebc43fa4831c7f0831f2e4f3d0efb84da3c04621d0f109418,scripts/.git/ai/working_logs/initial/blobs/433e0d441dccd8cebc43fa4831c7f0831f2e4f3d0efb84da3c04621d0f109418,433e0d441dccd8cebc43fa4831c7f0831f2e4f3d0efb84da3c04621d0f109418,,Shell,AI/ML Tools,4447,2026-02-11T19:41:21.235712,d72184eb37632788a1b7df4abaae6fdd,#!/usr/bin/env bash,,,high,130
/Users/steven/scripts/.git/ai/working_logs/initial/blobs/f9376be9910113abc320be54d941e5b68f1afa3387f3ba973a50f53d3c6befa5,scripts/.git/ai/working_logs/initial/blobs/f9376be9910113abc320be54d941e5b68f1afa3387f3ba973a50f53d3c6befa5,f9376be9910113abc320be54d941e5b68f1afa3387f3ba973a50f53d3c6befa5,,Shell,AI/ML Tools,3958,2026-02-11T19:23:18.080040,f63c00abf9f89d83d3df452e8d1415a8,#!/usr/bin/env bash,,,high,116
/Users/steven/scripts/simple_content_analyzer.sh,scripts/simple_content_analyzer.sh,simple_content_analyzer.sh,.sh,Shell,AI/ML Tools,3085,2026-02-12T12:40:25.563405,68d97e04d7acbff30547e3a25c45c7dd,#!/usr/bin/env bash,,,medium,89
/Users/steven/scripts/RUN_ULTRA_DEEP_ANALYSIS.sh,scripts/RUN_ULTRA_DEEP_ANALYSIS.sh,RUN_ULTRA_DEEP_ANALYSIS.sh,.sh,Shell,AI/ML Tools,2129,2026-02-12T12:40:27.905692,84c6c8abedbc1a0a708ea5592e8bca39,#!/usr/bin/env bash,<(grep,"GROQ,GOOGLE,OPENAI",medium,66
/Users/steven/scripts/advanced_png_optimize.sh,scripts/advanced_png_optimize.sh,advanced_png_optimize.sh,.sh,Shell,AI/ML Tools,2040,2026-02-12T12:40:31.412453,b918fe7687d4aa0432a5ea03ae039efe,#!/usr/bin/env bash,,,medium,70
/Users/steven/scripts/content_aware_rename.sh,scripts/content_aware_rename.sh,content_aware_rename.sh,.sh,Shell,AI/ML Tools,6735,2026-02-12T12:40:28.122164,323b68425fafb7b66a2a065e8f7864e7,#!/usr/bin/env bash,,,high,225
/Users/steven/scripts/upscale-mp4.sh,scripts/upscale-mp4.sh,upscale-mp4.sh,.sh,Shell,AI/ML Tools,1196,2026-02-12T12:40:32.498816,090f65839bb3e062829ea4791b3cbb42,#!/usr/bin/env bash,,,medium,32
/Users/steven/scripts/.git/ai/working_logs/initial/blobs/c60eea83dec1c0dddd4949cc398c844b27fa30b9d07f9e4287ace0fc8eaccf08,scripts/.git/ai/working_logs/initial/blobs/c60eea83dec1c0dddd4949cc398c844b27fa30b9d07f9e4287ace0fc8eaccf08,c60eea83dec1c0dddd4949cc398c844b27fa30b9d07f9e4287ace0fc8eaccf08,,Shell,AI/ML Tools,4669,2026-02-11T20:39:47.750648,9adff0166860d3d9ddf393752673d0dd,#!/usr/bin/env bash,,,high,133
/Users/steven/scripts/efficient_git_cleanup.sh,scripts/efficient_git_cleanup.sh,efficient_git_cleanup.sh,.sh,Shell,AI/ML Tools,2870,2026-02-12T12:40:25.308868,e4b26ee94e4d731e3ec0fe87ffea73dc,#!/usr/bin/env bash,,CLAUDE,medium,78
/Users/steven/scripts/create_structure.sh,scripts/create_structure.sh,create_structure.sh,.sh,Shell,AI/ML Tools,4687,2026-02-12T12:40:26.776501,9bfdda48f2adfdbb34d5df77eaa42662,#!/usr/bin/env bash,,,medium,92
/Users/steven/scripts/ml_models_setup.sh,scripts/ml_models_setup.sh,ml_models_setup.sh,.sh,Shell,AI/ML Tools,2255,2026-02-12T12:40:30.475940,e67ecf32809602b89e9988b69becbc4e,#!/usr/bin/env bash,$PY_ENV/bin/activate,"HUGGINGFACE,MISTRAL,LLAMA,AUTOTOKEN,ORCA",medium,67
/Users/steven/scripts/revert_documents_organization.sh,scripts/revert_documents_organization.sh,revert_documents_organization.sh,.sh,Shell,AI/ML Tools,1387,2026-02-12T12:40:27.742476,90fa0df9b032f57f7cb903fd60f5c3cc,#!/usr/bin/env bash,,,medium,54
/Users/steven/scripts/install_safety.sh,scripts/install_safety.sh,install_safety.sh,.sh,Shell,AI/ML Tools,649,2025-09-03T06:42:18,d37ec149d00aeb9e3a62e7a4af58f1f9,#!/usr/bin/env bash,,"GEMMA,LLAMA,OLLAMA",low,16
/Users/steven/scripts/setup_venv_project.sh,scripts/setup_venv_project.sh,setup_venv_project.sh,.sh,Shell,AI/ML Tools,3671,2026-02-12T12:40:37.102679,1c30cd70e906580ea00be9a63b424d6a,#!/usr/bin/env bash,.venv/bin/activate,,high,190
/Users/steven/scripts/start_caddy.sh,scripts/start_caddy.sh,start_caddy.sh,.sh,Shell,AI/ML Tools,133,2025-10-19T23:28:07,33791eb9e24eb96bd3ef13de5e7925c9,#!/usr/bin/env bash,,,low,5
/Users/steven/scripts/professional_format_automation.sh,scripts/professional_format_automation.sh,professional_format_automation.sh,.sh,Shell,AI/ML Tools,8700,2026-02-12T12:40:25.175281,8ce23be613e0c1d58ddc9d56e1297ba4,#!/usr/bin/env bash,,,high,276
/Users/steven/scripts/batch_drive_analysis.sh,scripts/batch_drive_analysis.sh,batch_drive_analysis.sh,.sh,Shell,AI/ML Tools,4842,2026-02-12T12:40:31.763317,c57f49a5eff3de474df478d7054169cc,#!/usr/bin/env bash,,,medium,94
/Users/steven/scripts/test_rename_10.sh,scripts/test_rename_10.sh,test_rename_10.sh,.sh,Shell,AI/ML Tools,4202,2026-02-12T12:40:33.047194,ff32e4c3eda517f628af6d09cd891538,#!/usr/bin/env bash,,,high,150
/Users/steven/scripts/wifi-optimize.sh,scripts/wifi-optimize.sh,wifi-optimize.sh,.sh,Shell,AI/ML Tools,1593,2026-02-12T12:40:30.628079,58c2a2a5d49c15974ec68e0f305f3875,#!/usr/bin/env bash,,,medium,55
/Users/steven/scripts/.git/ai/working_logs/initial/blobs/8c14606cd8983274616867be8201de2cc8d6ad1511369de065ba31f5e45b6206,scripts/.git/ai/working_logs/initial/blobs/8c14606cd8983274616867be8201de2cc8d6ad1511369de065ba31f5e45b6206,8c14606cd8983274616867be8201de2cc8d6ad1511369de065ba31f5e45b6206,,Shell,AI/ML Tools,986,2026-02-11T20:39:29.746588,e1b729c4941ebd247c7a0288dac41bc4,#!/usr/bin/env bash,,,low,29
/Users/steven/scripts/carbon_image_analyze_optimize.sh,scripts/carbon_image_analyze_optimize.sh,carbon_image_analyze_optimize.sh,.sh,Shell,AI/ML Tools,13810,2026-02-12T12:40:26.103188,45a377d651f6a1e06e33ac4e22b7140e,#!/usr/bin/env bash,,,high,478
/Users/steven/scripts/mp3tomp4 2.sh,scripts/mp3tomp4 2.sh,mp3tomp4 2.sh,.sh,Shell,AI/ML Tools,669,2026-02-12T12:40:30.744682,e35fa36b8098df7319a7337de9fc0edd,#!/usr/bin/env bash,,,low,23
/Users/steven/scripts/sample_script.sh,scripts/sample_script.sh,sample_script.sh,.sh,Shell,AI/ML Tools,415,2026-02-12T12:40:27.604679,680a0c44f325af28aa755f723f65bac7,#!/usr/bin/env bash,,,low,23
/Users/steven/scripts/setup_env.sh,scripts/setup_env.sh,setup_env.sh,.sh,Shell,AI/ML Tools,628,2025-09-25T17:18:55.364791,78a9f960cf2951e59770dc7581d73396,#!/usr/bin/env bash,$HOME/env/mambaforge/etc/profile.d/conda.sh,,low,24
/Users/steven/scripts/track_move.sh,scripts/track_move.sh,track_move.sh,.sh,Shell,AI/ML Tools,1904,2026-02-12T12:40:37.913535,1daf94a2bc6c4ecff3800cc45df26bc8,#!/usr/bin/env bash,,,medium,70
/Users/steven/scripts/.git/ai/working_logs/initial/blobs/204ec327eb4e3a214ff7aeeb87df238177e195fb6e75997f99eddd3d8b34e4ba,scripts/.git/ai/working_logs/initial/blobs/204ec327eb4e3a214ff7aeeb87df238177e195fb6e75997f99eddd3d8b34e4ba,204ec327eb4e3a214ff7aeeb87df238177e195fb6e75997f99eddd3d8b34e4ba,,Shell,AI/ML Tools,4960,2026-02-11T20:43:15.321594,67b1dc4abb9b1199f8adb78850aef64c,#!/usr/bin/env bash,,,high,143
/Users/steven/scripts/masterxeo-advanced-manager.sh,scripts/masterxeo-advanced-manager.sh,masterxeo-advanced-manager.sh,.sh,Shell,AI/ML Tools,15369,2026-02-12T12:40:31.070005,f180aa88608db1657031962db879c779,#!/usr/bin/env bash,,"CLAUDE,GROK",high,417
/Users/steven/scripts/mp3_batch.sh,scripts/mp3_batch.sh,mp3_batch.sh,.sh,Shell,AI/ML Tools,1168,2026-02-12T12:39:36.183966,0a104f6f26ebdf477391045df168f9f5,#!/usr/bin/env bash,~/.env.d/loader.sh,WHISPER,low,35
/Users/steven/scripts/setup-yarn.sh,scripts/setup-yarn.sh,setup-yarn.sh,.sh,Shell,AI/ML Tools,564,2026-02-12T12:40:35.721626,0b50ba0b4a8d46b7f5e09ed1c15f0670,#!/usr/bin/env bash,,,low,24
/Users/steven/scripts/up.sh,scripts/up.sh,up.sh,.sh,Shell,AI/ML Tools,3103,2026-02-12T12:40:37.285455,3ab96ce5651bd51dbb6a7f5ea8eddfdb,#!/usr/bin/env bash,,GOOGLE,high,129
/Users/steven/scripts/MASTER_ORGANIZATION_SCRIPT.sh,scripts/MASTER_ORGANIZATION_SCRIPT.sh,MASTER_ORGANIZATION_SCRIPT.sh,.sh,Shell,AI/ML Tools,10558,2026-02-12T12:40:34.386810,f50cf1d5f647ebe019892cdad4d54c5e,#!/usr/bin/env bash,,,high,334
/Users/steven/scripts/.git/ai/working_logs/initial/blobs/84811c5e527f6fa290c1138beb9b46a674558837de35a6914343aa7a0417441c,scripts/.git/ai/working_logs/initial/blobs/84811c5e527f6fa290c1138beb9b46a674558837de35a6914343aa7a0417441c,84811c5e527f6fa290c1138beb9b46a674558837de35a6914343aa7a0417441c,,Shell,AI/ML Tools,4448,2026-02-11T19:41:29.449446,6c9525d2b20e23ca3abee14a27aa0a2c,#!/usr/bin/env bash,,,high,131
/Users/steven/scripts/grok_menu.sh,scripts/grok_menu.sh,grok_menu.sh,.sh,Shell,AI/ML Tools,6729,2026-02-12T12:40:30.912437,d536c15d336c3927bc1d25f6d2bbb240,#!/usr/bin/env bash,$HOME/.env.d/loader.sh,"XAI_API_KEY,GROK_API_KEY,GROK,MAKE,XAI",high,273
/Users/steven/scripts/rename_files.sh,scripts/rename_files.sh,rename_files.sh,.sh,Shell,AI/ML Tools,43895,2026-02-12T12:40:37.958992,6fdaa0f9aaea7f47afa6362265af5355,#!/usr/bin/env bash,,"WHISPER,SUNO,TEI",high,234
/Users/steven/scripts/remove_phase2_review.sh,scripts/remove_phase2_review.sh,remove_phase2_review.sh,.sh,Shell,AI/ML Tools,7232,2026-02-12T12:40:29.734200,daae7bbfcc10771459738b384d51a789,#!/usr/bin/env bash,,"LEONARDO,GOOGLE,OPENAI",high,233
/Users/steven/scripts/CREATE_ROOT_WEBSITE_STRUCTURE.sh,scripts/CREATE_ROOT_WEBSITE_STRUCTURE.sh,CREATE_ROOT_WEBSITE_STRUCTURE.sh,.sh,Shell,AI/ML Tools,21122,2026-02-12T12:40:37.149085,28bc3f7c96b6024be2246e25470d83c9,#!/usr/bin/env bash,,,high,605
/Users/steven/scripts/deploy.sh,scripts/deploy.sh,deploy.sh,.sh,Shell,File Management,430,2026-02-12T12:40:34.695290,3911056a9e3f8fe26e209d76fcb7a429,#!/usr/bin/env bash,,,low,23
/Users/steven/scripts/mcp_token_helper.sh,scripts/mcp_token_helper.sh,mcp_token_helper.sh,.sh,Shell,AI/ML Tools,6713,2026-02-12T12:40:28.765418,8062f612facee067bb206113f6bec432,#!/usr/bin/env bash,,"GITHUB_PERSONAL_ACCESS_TOKEN,MCP_TOKEN,SLACK_TOKEN,TOKEN,GITHUB_TOKEN,CLAUDE,MAKE,BRAVE_API_KEY,SLACK_BOT_TOKEN",high,208
/Users/steven/scripts/150file-download-limit.sh,scripts/150file-download-limit.sh,150file-download-limit.sh,.sh,Shell,AI/ML Tools,1091,2026-02-12T12:40:25.208236,5d5112cd61397c2ea4901a8c3a1ca51c,#!/usr/bin/env bash,,,medium,44
/Users/steven/scripts/cleanup_git.sh,scripts/cleanup_git.sh,cleanup_git.sh,.sh,Shell,AI/ML Tools,1135,2026-02-12T12:40:27.059445,70b861d833c732664a35611268cd9218,#!/usr/bin/env bash,,SUNO,medium,55
/Users/steven/scripts/activate.sh,scripts/activate.sh,activate.sh,.sh,Shell,AI/ML Tools,1294,2026-02-12T12:40:29.347255,5b846bdebc76b57604f58913ab7d4eae,#!/usr/bin/env bash,,,medium,44
/Users/steven/scripts/check_grok_setup.sh,scripts/check_grok_setup.sh,check_grok_setup.sh,.sh,Shell,AI/ML Tools,1596,2026-02-12T12:40:35.951030,678bb6fc626b57b44e84c5b4d5b367e5,#!/usr/bin/env bash,,"GROK,OPENAI,XAI",medium,58
/Users/steven/scripts/optimize_pngs.sh,scripts/optimize_pngs.sh,optimize_pngs.sh,.sh,Shell,AI/ML Tools,1117,2026-02-12T12:40:30.517070,24d054716029eb5ba7b4e341fa3083ec,#!/usr/bin/env bash,,,medium,43
/Users/steven/scripts/setup_1.sh,scripts/setup_1.sh,setup_1.sh,.sh,Shell,AI/ML Tools,12185,2026-02-12T12:40:36.517664,d8b7d33ba7ef27f7187dfa871ae10bbf,#!/usr/bin/env bash,,MAKE,high,468
/Users/steven/scripts/setup-master-api-keys.sh,scripts/setup-master-api-keys.sh,setup-master-api-keys.sh,.sh,Shell,AI/ML Tools,15508,2026-02-12T12:40:30.063675,6eae45128cfb5459bfe275b4201a63a3,#!/usr/bin/env bash,"$HOME/.env.d/loader.sh,$HOME/.env,~/.activate-ai-apis.sh","OPENROUTER,NEWSAPI,ZEP,MAKE,LANGSMITH_API_KEY,MOONVALLEY,FIREWORKS_API_KEY,REVAI_API_KEY,GROQ_API,SONIX_API_KEY,PINECONE,SLITE_API_KEY,QDRANT_API_KEY,REPLICATE_API_TOKEN,ARCGIS_API_KEY,ARCGIS,ZEP_API_KEY,PIKA_API_KEY,OPENAI,SERPAPI_KEY,OPENAI_API_KEY,RUNWAY_API_KEY,TOKEN,SUNO_API_KEY,NOTION_TOKEN,ANTHROPIC_API_KEY,QDRANT,ASSEMBLY,XAI_API_KEY,API_KEY,REPLICATE,ELEVEN,SUNO,GROQ,SPEECHMATICS,CHROMA,GROK,CLAUDE,DEEPGRAM,CHROMADB_API_KEY,STABILITY,OPENROUTER_API_KEY,FIREWORKS,ZAPIER,INVIDEO_API_KEY,SUPERNORMAL,DEEPSEEK_API_KEY,MOONVALLEY_API_KEY,MAKE_API_KEY,SORAI_API_KEY,REVAI,ANTHROPIC,SPEECHMATICS_API_KEY,AZURE,LEONARDO_API_KEY,NEWSAPI_KEY,RUNWAY,DESCRIPT_API_KEY,COHERE,TWILIO_AUTH_TOKEN,LEONARDO,ELEVENLABS_API_KEY,SLITE,PINECONE_API_KEY,SUPERNORMAL_API_KEY,KAIBER_API_KEY,SONIX,COHERE_API_KEY,XAI,DEEPGRAM_API_KEY,ZAPIER_API_KEY,GROQ_API_KEY,LANGSMITH,TWILIO,SERP,STABILITY_API_KEY,NOTION,ASSEMBLYAI_API_KEY",high,467
/Users/steven/scripts/search_helpers.sh,scripts/search_helpers.sh,search_helpers.sh,.sh,Shell,AI/ML Tools,7675,2026-02-12T12:40:36.121364,3031adf00734beae9dca1d167725aeb1,#!/usr/bin/env bash,,WHISPER,high,253
/Users/steven/scripts/cleanup_conda_envs.sh,scripts/cleanup_conda_envs.sh,cleanup_conda_envs.sh,.sh,Shell,AI/ML Tools,1030,2026-02-12T12:40:35.164800,427b01f56870ed882f53f02e4bdc29d4,#!/usr/bin/env bash,,,low,38
/Users/steven/scripts/cleanup_app_integration.sh,scripts/cleanup_app_integration.sh,cleanup_app_integration.sh,.sh,Shell,AI/ML Tools,12468,2026-02-12T12:40:35.492952,86576713893ed7c3f5e90bacd4a8a47e,#!/usr/bin/env bash,,,high,371
/Users/steven/scripts/fix_ts_quicklook.sh,scripts/fix_ts_quicklook.sh,fix_ts_quicklook.sh,.sh,Shell,AI/ML Tools,6769,2026-02-12T12:40:33.489770,d8987d29c6a80b889a5aaa62e04a72fa,#!/usr/bin/env bash,,,high,229
/Users/steven/scripts/aggressive_git_cleanup.sh,scripts/aggressive_git_cleanup.sh,aggressive_git_cleanup.sh,.sh,Shell,AI/ML Tools,5634,2026-02-12T12:40:37.807853,8590fa46f67bbde13351448aa4dd949f,#!/usr/bin/env bash,,"CLAUDE,LLAMA,OLLAMA",high,184
/Users/steven/scripts/run_python_improvements.sh,scripts/run_python_improvements.sh,run_python_improvements.sh,.sh,Shell,AI/ML Tools,1993,2026-02-12T12:46:24.597528,7d275756befd0194a57e23b932864040,#!/usr/bin/env bash,,,medium,81
/Users/steven/scripts/audit_python_project.sh,scripts/audit_python_project.sh,audit_python_project.sh,.sh,Shell,AI/ML Tools,1984,2026-02-12T12:40:35.323317,c23c86398de8b3239ec427c89584c99a,#!/usr/bin/env bash,.venv/bin/activate,,medium,70
/Users/steven/scripts/setup_mcp_servers.sh,scripts/setup_mcp_servers.sh,setup_mcp_servers.sh,.sh,Shell,AI/ML Tools,2369,2026-02-12T12:39:30.982521,3bdf3f98b3ace49f16b3b5c3ced28df0,#!/usr/bin/env bash,"$HOME/.env.d/apis.env,$HOME/.env.d/llm-apis.env,$HOME/.env.d/loader.sh,$HOME/.env.d/github.env","TOKEN,NOTION_API_KEY,GITHUB_TOKEN,BRAVE_API_KEY,_API_KEY,NOTION",medium,88
/Users/steven/scripts/rename_x27_directories.sh,scripts/rename_x27_directories.sh,rename_x27_directories.sh,.sh,Shell,AI/ML Tools,3614,2026-02-12T12:40:29.155843,1a05aafdf459839ed747c6e4ea57602d,#!/usr/bin/env bash,,,high,131
/Users/steven/scripts/masterxeo_consolidation.sh,scripts/masterxeo_consolidation.sh,masterxeo_consolidation.sh,.sh,Shell,AI/ML Tools,8298,2026-02-12T12:40:31.945363,637371e401c2c215c379442b6f360caa,#!/usr/bin/env bash,,,high,184
/Users/steven/scripts/run_update.sh,scripts/run_update.sh,run_update.sh,.sh,Shell,AI/ML Tools,1828,2026-02-12T12:40:29.691802,8094a4dc90e2cef4c42c541845a93388,#!/usr/bin/env bash,,,medium,68
/Users/steven/scripts/setup-cleanconnect.sh,scripts/setup-cleanconnect.sh,setup-cleanconnect.sh,.sh,Shell,AI/ML Tools,12279,2026-02-12T12:40:26.810313,31708b47e55848c96e012a90b1feece8,#!/usr/bin/env bash,,MAKE,high,468
/Users/steven/scripts/updater.sh,scripts/updater.sh,updater.sh,.sh,Shell,AI/ML Tools,7649,2026-02-12T12:40:36.910121,3fcb9fe783c969186d81d86ad8054dae,#!/usr/bin/env bash,,XAI,high,257
/Users/steven/scripts/home_tree.sh,scripts/home_tree.sh,home_tree.sh,.sh,Shell,AI/ML Tools,1031,2026-02-11T20:39:45.830963,d3c476d519a9c4a3243454f994b09b87,#!/usr/bin/env bash,,,low,30
/Users/steven/scripts/rsync-downloader.sh,scripts/rsync-downloader.sh,rsync-downloader.sh,.sh,Shell,AI/ML Tools,1546,2026-02-12T12:40:35.005485,3dad2492ce54ae0af26c813007f86cdb,#!/usr/bin/env bash,,,medium,72
/Users/steven/scripts/INTEGRATE_STYLES_INTO_PROJECTS.sh,scripts/INTEGRATE_STYLES_INTO_PROJECTS.sh,INTEGRATE_STYLES_INTO_PROJECTS.sh,.sh,Shell,AI/ML Tools,8518,2026-02-12T12:40:25.821438,a7c973b8f4fe1f7d654305f2201d848e,#!/usr/bin/env bash,,,high,256
/Users/steven/scripts/setup_uv_clean.sh,scripts/setup_uv_clean.sh,setup_uv_clean.sh,.sh,Shell,AI/ML Tools,1934,2026-02-12T12:40:26.847018,fce0745ef85556d61c5a427b01f70ba8,#!/usr/bin/env bash,,,medium,75
/Users/steven/scripts/vid-resize-1080-1029upshort.sh,scripts/vid-resize-1080-1029upshort.sh,vid-resize-1080-1029upshort.sh,.sh,Shell,AI/ML Tools,1372,2026-02-12T12:40:33.398883,67ea624e2910776de3332b55f072fa36,#!/usr/bin/env bash,,,medium,46
/Users/steven/scripts/agent_forge/scripts/run_mission_planner.sh,scripts/agent_forge/scripts/run_mission_planner.sh,run_mission_planner.sh,.sh,Shell,AI/ML Tools,349,2026-02-06T22:36:54.334598,16db413367d11792b7064a6c9f6516ad,#!/usr/bin/env bash,,,low,13
/Users/steven/scripts/agent_forge/apps/lib_trends.py,scripts/agent_forge/apps/lib_trends.py,lib_trends.py,.py,Python,AI/ML Tools,3886,2026-02-06T22:35:19.013672,6604024a3bc5c3b4bb947ece8cff2f81,#!/usr/bin/env python3,"__future__,typing,dataclasses",,medium,76
/Users/steven/scripts/standardize_shebangs.sh,scripts/standardize_shebangs.sh,standardize_shebangs.sh,.sh,Shell,AI/ML Tools,2361,2026-02-12T12:38:08.357621,e769844e52e18ae897baee9f2ef27feb,#!/usr/bin/env bash,,,medium,80
/Users/steven/scripts/comprehensive_content_aware_rename.sh,scripts/comprehensive_content_aware_rename.sh,comprehensive_content_aware_rename.sh,.sh,Shell,AI/ML Tools,8891,2026-02-12T12:40:36.000692,d1f9e6bef644bc8ef6dd91632e2ec7b8,#!/usr/bin/env bash,,,high,241
/Users/steven/scripts/upscaler.sh,scripts/upscaler.sh,upscaler.sh,.sh,Shell,AI/ML Tools,4769,2026-02-12T12:40:27.516030,db3897a2e63b5da238713b67179ce611,#!/usr/bin/env bash,,,high,124
/Users/steven/scripts/mcp-lifecycle-manager.sh,scripts/mcp-lifecycle-manager.sh,mcp-lifecycle-manager.sh,.sh,Shell,AI/ML Tools,4536,2026-02-12T12:40:35.209791,713e458a77daa7fc69fd713e95eb2a55,#!/usr/bin/env bash,,,high,152
/Users/steven/scripts/uninstall_coding.sh,scripts/uninstall_coding.sh,uninstall_coding.sh,.sh,Shell,AI/ML Tools,228,2025-09-03T06:42:18,0c1e783155a6690338a30af858910a77,#!/usr/bin/env bash,,"LLAMA,OLLAMA",low,8
/Users/steven/scripts/fix_zip_preview.sh,scripts/fix_zip_preview.sh,fix_zip_preview.sh,.sh,Shell,AI/ML Tools,1328,2026-02-12T12:40:38.118674,c6e3abebe3377a4711061fad2085a5af,#!/usr/bin/env bash,,MAKE,medium,46
/Users/steven/scripts/improve_python_ecosystem.py,scripts/improve_python_ecosystem.py,improve_python_ecosystem.py,.py,Python,AI/ML Tools,11397,2026-02-12T12:46:12.813056,8009147151653b7ea3bb2f14db7120bb,#!/usr/bin/env python3,"subprocess,os,datetime,tempfile,sys,shutil,pathlib,csv",MAKE,high,302
/Users/steven/scripts/cleanup_archive_node_modules.sh,scripts/cleanup_archive_node_modules.sh,cleanup_archive_node_modules.sh,.sh,Shell,AI/ML Tools,5135,2026-02-12T12:40:29.774160,18fa75ab401276bd7d12ce7a917c8c41,#!/usr/bin/env bash,,,high,170
/Users/steven/scripts/agent_forge/mcp/xeo_strategy_mcp.py,scripts/agent_forge/mcp/xeo_strategy_mcp.py,xeo_strategy_mcp.py,.py,Python,AI/ML Tools,4062,2026-02-06T22:52:16.214697,07ab447e966862f1de33a6a15e08c768,#!/usr/bin/env python3,"__future__,lib_xeo,sys,json,typing,pathlib",,high,127
/Users/steven/scripts/upload.sh,scripts/upload.sh,upload.sh,.sh,Shell,AI/ML Tools,332,2026-02-12T12:40:32.864856,98b849a52699dbb86ba9fd7558d8d63a,#!/usr/bin/env bash,./venv/bin/activate,,low,7
/Users/steven/scripts/create_venv.sh,scripts/create_venv.sh,create_venv.sh,.sh,Shell,AI/ML Tools,336,2026-02-12T12:40:36.478367,26fa21039f460e9de3bfe4fab1b9c8ad,#!/usr/bin/env bash,~/.virtualenvs/$ENV_NAME/bin/activate,,low,16
/Users/steven/scripts/SETUP_X_CMD_KEYS.sh,scripts/SETUP_X_CMD_KEYS.sh,SETUP_X_CMD_KEYS.sh,.sh,Shell,AI/ML Tools,1708,2026-02-12T12:40:33.135097,98c683a1372adf2176a4435cd27d53fc,#!/usr/bin/env bash,~/.env.d/llm-apis.env,"OPENROUTER,MISTRAL,GROK,OPENAI,CLAUDE,OPENAI_API_KEY,MISTRAL_API_KEY,GEMINI_API_KEY,PPLX,APIKEY,PERPLEXITY_API_KEY,DEEPSEEK_API_KEY,GROQ_API,ANTHROPIC_API_KEY,GROK_API_KEY,ANTHROPIC,GROQ_API_KEY,GROQ,PERPLEXITY",medium,63
/Users/steven/scripts/organize_documents.sh,scripts/organize_documents.sh,organize_documents.sh,.sh,Shell,AI/ML Tools,20245,2026-02-12T12:40:34.617827,c658f20ab5fd9d780ef9ebe21d080a9c,#!/usr/bin/env bash,,"REPLICATE,WHISPER,CLAUDE,GROK,NOTION",high,641
/Users/steven/scripts/mcp-process-manager.sh,scripts/mcp-process-manager.sh,mcp-process-manager.sh,.sh,Shell,AI/ML Tools,4279,2026-02-12T12:40:30.297459,882006cfcb8541d7f70cc42d9d7c4823,#!/usr/bin/env bash,,,high,149
/Users/steven/scripts/init_spend_analysis.sh,scripts/init_spend_analysis.sh,init_spend_analysis.sh,.sh,Shell,AI/ML Tools,8569,2026-02-12T12:40:29.652722,7c02fd12cff1968769b467930127c91b,#!/usr/bin/env bash,,"MAX_TOKEN,API_KEY,OPENAI,NOTION,OPENAI_API_KEY,SUNO,GOOGLE,LEONARDO",high,243
/Users/steven/scripts/check_quicklook_conflicts.sh,scripts/check_quicklook_conflicts.sh,check_quicklook_conflicts.sh,.sh,Shell,AI/ML Tools,3647,2026-02-12T12:40:35.854079,acab3b2c123635cf7ec1231287260b11,#!/usr/bin/env bash,,,high,107
/Users/steven/scripts/agent_forge/scripts/run_provenance_audit.sh,scripts/agent_forge/scripts/run_provenance_audit.sh,run_provenance_audit.sh,.sh,Shell,AI/ML Tools,468,2026-02-06T22:36:58.837180,3e213d8a4d86b577ef777daee67dd455,#!/usr/bin/env bash,,,low,18
/Users/steven/scripts/migrate_to_mamba.sh,scripts/migrate_to_mamba.sh,migrate_to_mamba.sh,.sh,Shell,AI/ML Tools,2396,2026-02-12T12:40:34.276845,302a259abf16e4be329e8acec155c60b,#!/usr/bin/env bash,,"WHISPER,ANTHROPIC,CLAUDE,OPENAI",medium,85
/Users/steven/scripts/setup-bun.sh,scripts/setup-bun.sh,setup-bun.sh,.sh,Shell,AI/ML Tools,568,2026-02-12T12:40:32.678522,f591aa30c9467171040a9b3380d1b63c,#!/usr/bin/env bash,,,low,24
/Users/steven/scripts/ollama_menu_1.sh,scripts/ollama_menu_1.sh,ollama_menu_1.sh,.sh,Shell,AI/ML Tools,5413,2025-09-03T03:53:52,c4524419f4fd05fb608d1ebca08669b9,#!/usr/bin/env bash,,"GEMMA,LLAVA,LLAMA,OLLAMA",high,195
/Users/steven/scripts/setup_system.sh,scripts/setup_system.sh,setup_system.sh,.sh,Shell,AI/ML Tools,3475,2026-02-12T12:40:30.814370,8832294edfeca451700947fd204d37a7,#!/usr/bin/env bash,,TOKEN,high,129
/Users/steven/scripts/analyze_folder_contents.sh,scripts/analyze_folder_contents.sh,analyze_folder_contents.sh,.sh,Shell,AI/ML Tools,3732,2026-02-12T12:40:38.004435,e7ef549598a9c03c685c1a4dce37d7a5,#!/usr/bin/env bash,,,high,115
/Users/steven/scripts/batch_optimize.sh,scripts/batch_optimize.sh,batch_optimize.sh,.sh,Shell,AI/ML Tools,1671,2026-02-12T12:40:28.369779,0d957876252ee363ff5e71c3d445a038,#!/usr/bin/env bash,,,medium,50
/Users/steven/scripts/zshrc_quick_fix.sh,scripts/zshrc_quick_fix.sh,zshrc_quick_fix.sh,.sh,Shell,AI/ML Tools,782,2026-02-12T12:39:37.846293,41832de9e953bb32512a6b4d92c2744d,#!/usr/bin/env bash,,,medium,26
/Users/steven/scripts/migration_script.sh,scripts/migration_script.sh,migration_script.sh,.sh,Shell,AI/ML Tools,2763,2026-02-12T12:40:36.768518,ee9275fb2a5fccbf76cbfba58914dcde,#!/usr/bin/env bash,,SUNO,low,47
/Users/steven/scripts/autoclean.sh,scripts/autoclean.sh,autoclean.sh,.sh,Shell,AI/ML Tools,318,2026-02-12T12:40:33.289504,9af419eea94241806771e3aad4561a2b,#!/usr/bin/env bash,,MAKE,low,17
/Users/steven/scripts/readpdf.sh,scripts/readpdf.sh,readpdf.sh,.sh,Shell,AI/ML Tools,1730,2026-02-12T12:40:25.591804,18d2610e8394cd349b8682ff5b0c7788,#!/usr/bin/env bash,,,medium,47
/Users/steven/scripts/cleanup_carbon_images.sh,scripts/cleanup_carbon_images.sh,cleanup_carbon_images.sh,.sh,Shell,AI/ML Tools,5453,2026-02-12T12:40:27.313341,b8996de19f00515361306dadf1ca7669,#!/usr/bin/env bash,,,high,135
/Users/steven/scripts/initialize-ai-resources.sh,scripts/initialize-ai-resources.sh,initialize-ai-resources.sh,.sh,Shell,AI/ML Tools,2432,2026-02-12T12:40:29.576236,d3d94b72e47a5556e4be04eb9266df5d,#!/usr/bin/env bash,,CLAUDE,medium,88
/Users/steven/scripts/merge_diff.sh,scripts/merge_diff.sh,merge_diff.sh,.sh,Shell,AI/ML Tools,1424,2026-02-12T12:40:27.863000,0f9593a5de287411d063efce46b9535e,#!/usr/bin/env bash,,,medium,43
/Users/steven/scripts/install_vision.sh,scripts/install_vision.sh,install_vision.sh,.sh,Shell,AI/ML Tools,415,2025-09-03T06:42:18,f150f6a48d29466588d8ef1d8d4bba2f,#!/usr/bin/env bash,,"GEMMA,LLAVA,LLAMA,OLLAMA",low,12
/Users/steven/scripts/complete_content_aware_rename_fixed.sh,scripts/complete_content_aware_rename_fixed.sh,complete_content_aware_rename_fixed.sh,.sh,Shell,AI/ML Tools,12100,2026-02-12T12:40:27.148111,9eab4234a65b514b5de0ae4d71522d81,#!/usr/bin/env bash,,,high,341
/Users/steven/scripts/Make-Content-Automation-setup.sh,scripts/Make-Content-Automation-setup.sh,Make-Content-Automation-setup.sh,.sh,Shell,AI/ML Tools,6745,2026-02-12T12:40:25.349144,4d941d0dc8d8588b78840ad49fd924fa,#!/usr/bin/env bash,,"GROK,MAKE,OPENAI,ELEVEN,STABILITY,ANTHROPIC,LEONARDO",high,188
/Users/steven/scripts/mac_analyze_report.sh,scripts/mac_analyze_report.sh,mac_analyze_report.sh,.sh,Shell,AI/ML Tools,4490,2026-02-12T12:40:36.332943,e0e15f48c358e0ccf1645a903db160f1,#!/usr/bin/env bash,,,high,135
/Users/steven/scripts/ChatGPT Exporter-2.29.1.user.js,scripts/ChatGPT Exporter-2.29.1.user.js,ChatGPT Exporter-2.29.1.user.js,.js,JavaScript,AI/ML Tools,842083,2025-11-29T14:51:09.650512,b9109ec784b7c859162e61bca13b986a,,,"ZEP,TEI,OPENAI,MAKE,STABLE,ACCESSTOKEN,CREATETOKEN,VALUETOKEN,__SECRET,TOKEN,_TOKEN,PAGEACCESSTOKEN,CHILDTOKEN,DESCRIBE,GETACCESSTOKEN,GETPAGEACCESSTOKEN,DALLE,SUBTOKEN,DEEPK,ELEVEN,ORCA,SERP",high,23171
/Users/steven/scripts/master_optimize.sh,scripts/master_optimize.sh,master_optimize.sh,.sh,Shell,AI/ML Tools,2163,2026-02-12T12:40:29.808299,4189e6dc7cd4fbc64733bcb62c512d7c,#!/usr/bin/env bash,,,medium,75
/Users/steven/scripts/launch_automation.sh,scripts/launch_automation.sh,launch_automation.sh,.sh,Shell,AI/ML Tools,6345,2026-02-12T12:40:33.088059,5764fce15c737f5f29e884c3f9b30246,#!/usr/bin/env bash,,,high,203
/Users/steven/scripts/cleanup_python_conservative.sh,scripts/cleanup_python_conservative.sh,cleanup_python_conservative.sh,.sh,Shell,AI/ML Tools,3385,2026-02-12T12:40:31.804344,d6e4d3418c0a5afb51a1a5b374da2215,#!/usr/bin/env bash,,"WHISPER,ANTHROPIC,CLAUDE,OPENAI",high,108
/Users/steven/scripts/run_agent.sh,scripts/run_agent.sh,run_agent.sh,.sh,Shell,AI/ML Tools,451,2026-02-12T12:40:36.277310,c9edbc49259148ed6f68b9e36c24f331,#!/usr/bin/env bash,"~/.env.d/loader.sh,chatgpt_agent_env/bin/activate",,low,17
/Users/steven/scripts/git_repository_cleanup_script.sh,scripts/git_repository_cleanup_script.sh,git_repository_cleanup_script.sh,.sh,Shell,AI/ML Tools,7231,2026-02-12T12:40:33.638116,8ba42dcfddaea1b46e5c2e024a3935ae,#!/usr/bin/env bash,,"CLAUDE,LLAMA,OLLAMA",high,238
/Users/steven/scripts/tox_install_command.sh,scripts/tox_install_command.sh,tox_install_command.sh,.sh,Shell,AI/ML Tools,149,2026-02-12T12:40:35.449766,bfbd47111adb478106503ee0b5b29147,#!/usr/bin/env bash,,,low,8
/Users/steven/scripts/setup-mamba.sh,scripts/setup-mamba.sh,setup-mamba.sh,.sh,Shell,AI/ML Tools,19906,2026-02-12T12:40:25.948905,e7c480a751eb6981d882cef495e4fe2d,#!/usr/bin/env bash,,,high,624
/Users/steven/scripts/format_lost_files.sh,scripts/format_lost_files.sh,format_lost_files.sh,.sh,Shell,AI/ML Tools,949,2026-02-12T12:40:32.761640,8327214f3dddccf7dc862247750d1817,#!/usr/bin/env bash,,,low,37
/Users/steven/scripts/merge_similar_markdown.sh,scripts/merge_similar_markdown.sh,merge_similar_markdown.sh,.sh,Shell,AI/ML Tools,1015,2026-02-12T12:40:29.901634,de4ba06d68cd1e5eb42cfb3c3990ad16,#!/usr/bin/env bash,,,low,32
/Users/steven/scripts/duplicates-to-csv.sh,scripts/duplicates-to-csv.sh,duplicates-to-csv.sh,.sh,Shell,AI/ML Tools,1057,2026-02-12T12:40:34.497911,d62e32a09c863f0c5078e3363f2c750c,#!/usr/bin/env bash,,,low,32
/Users/steven/scripts/open_clipboard_navigation.sh,scripts/open_clipboard_navigation.sh,open_clipboard_navigation.sh,.sh,Shell,AI/ML Tools,1200,2026-02-12T12:40:25.618145,94c217e2d8408cce1f137f5920aa520f,#!/usr/bin/env bash,,,low,32
/Users/steven/scripts/package_info.sh,scripts/package_info.sh,package_info.sh,.sh,Shell,AI/ML Tools,2485,2026-02-12T12:40:32.237195,03e310c6408cbf6ea4be16ebeee0424c,#!/usr/bin/env bash,,,medium,85
/Users/steven/scripts/agent_forge/apps/lib_provenance.py,scripts/agent_forge/apps/lib_provenance.py,lib_provenance.py,.py,Python,AI/ML Tools,3961,2026-02-06T22:35:37.642767,30167d4768649407a926e0895df04edc,#!/usr/bin/env python3,"subprocess,os,__future__,json,typing,pathlib","TOKEN,_SCAN_BINARY_TOKEN,OPENAI,_FIND_TOKEN",high,136
/Users/steven/scripts/run_split_examples.sh,scripts/run_split_examples.sh,run_split_examples.sh,.sh,Shell,AI/ML Tools,439,2025-10-12T22:59:18.657156,b3fc500d7543f5992e1266874a0732e0,#!/usr/bin/env bash,$(conda,,low,11
/Users/steven/scripts/enhanced_disk_cleanup.sh,scripts/enhanced_disk_cleanup.sh,enhanced_disk_cleanup.sh,.sh,Shell,AI/ML Tools,10243,2026-02-12T12:40:36.048347,58e01b3ff50fbbfa0dca9dd9aad21362,#!/usr/bin/env bash,,GOOGLE,high,271
/Users/steven/scripts/zshrc_audit.sh,scripts/zshrc_audit.sh,zshrc_audit.sh,.sh,Shell,AI/ML Tools,9885,2026-02-12T12:40:26.898498,a8dba3ec68df24c828d7ac434382840d,#!/usr/bin/env bash,,GROK,high,284
/Users/steven/scripts/check-api-keys.sh,scripts/check-api-keys.sh,check-api-keys.sh,.sh,Shell,AI/ML Tools,9244,2026-02-12T12:40:26.557583,3e16f59a5849807ff4a4c9a29b2f46b9,#!/usr/bin/env bash,"$HOME/.env.d/loader.sh,$HOME/.env","OPENROUTER,NEWSAPI,ZEP,MAKE,LANGSMITH_API_KEY,MOONVALLEY,FIREWORKS_API_KEY,REVAI_API_KEY,GROQ_API,SONIX_API_KEY,PINECONE,SLITE_API_KEY,QDRANT_API_KEY,REPLICATE_API_TOKEN,MAX_TOKEN,ARCGIS_API_KEY,ARCGIS,ZEP_API_KEY,PIKA_API_KEY,OPENAI,SERPAPI_KEY,OPENAI_API_KEY,RUNWAY_API_KEY,YOUR_ACTUAL_API_KEY,TOKEN,SUNO_API_KEY,NOTION_TOKEN,ANTHROPIC_API_KEY,QDRANT,ASSEMBLY,XAI_API_KEY,API_KEY,REPLICATE,ELEVEN,SUNO,GROQ,SPEECHMATICS,CHROMA,GROK,CLAUDE,DEEPGRAM,CHROMADB_API_KEY,STABILITY,OPENROUTER_API_KEY,FIREWORKS,ZAPIER,INVIDEO_API_KEY,SUPERNORMAL,DEEPSEEK_API_KEY,MOONVALLEY_API_KEY,MAKE_API_KEY,SORAI_API_KEY,REVAI,ANTHROPIC,SPEECHMATICS_API_KEY,AZURE,LLAMA,LEONARDO_API_KEY,NEWSAPI_KEY,RUNWAY,DESCRIPT_API_KEY,COHERE,TWILIO_AUTH_TOKEN,LEONARDO,ELEVENLABS_API_KEY,SLITE,API-KEY,PINECONE_API_KEY,SUPERNORMAL_API_KEY,KAIBER_API_KEY,SONIX,COHERE_API_KEY,XAI,DEEPGRAM_API_KEY,ZAPIER_API_KEY,GROQ_API_KEY,LANGSMITH,TWILIO,SERP,STABILITY_API_KEY,NOTION,ASSEMBLYAI_API_KEY",high,295
/Users/steven/scripts/integrate_systems.sh,scripts/integrate_systems.sh,integrate_systems.sh,.sh,Shell,AI/ML Tools,7547,2026-02-12T12:40:28.278851,24824e04ca20a14c940c47dfc5ca7995,#!/usr/bin/env bash,,,high,204
/Users/steven/scripts/start_minimal.sh,scripts/start_minimal.sh,start_minimal.sh,.sh,Shell,AI/ML Tools,133,2025-10-19T23:28:07,067786d4130ab3fadf7748bf07dbf5dd,#!/usr/bin/env bash,,,low,5
/Users/steven/scripts/audio_metadata_with_lufs.sh,scripts/audio_metadata_with_lufs.sh,audio_metadata_with_lufs.sh,.sh,Shell,AI/ML Tools,1465,2025-11-26T07:51:53.985017,4295929af9448f82e8404fa46ca5c432,#!/usr/bin/env bash,,,medium,42
/Users/steven/scripts/back-clean.sh,scripts/back-clean.sh,back-clean.sh,.sh,Shell,AI/ML Tools,1079,2026-02-12T12:40:38.247898,9cb1dd9963b2854a9da81a9cc8bf750e,#!/usr/bin/env bash,$NEW_VENV_DIR/bin/activate,,low,38
/Users/steven/scripts/manage_envs.sh,scripts/manage_envs.sh,manage_envs.sh,.sh,Shell,AI/ML Tools,10959,2026-02-12T12:40:31.232294,20e153514e1fb971e6a0ec4d70c9373a,#!/usr/bin/env bash,,,high,258
/Users/steven/scripts/master_script_manager.sh,scripts/master_script_manager.sh,master_script_manager.sh,.sh,Shell,AI/ML Tools,10823,2026-02-12T12:40:26.524593,82f63b7606e653172ae607936a8c9a7e,#!/usr/bin/env bash,,,high,346
/Users/steven/scripts/install_reasoning.sh,scripts/install_reasoning.sh,install_reasoning.sh,.sh,Shell,AI/ML Tools,322,2025-09-03T06:42:18,b52eb3724e30bb73ed92b287d66f0705,#!/usr/bin/env bash,,"LLAMA,OLLAMA",low,8
/Users/steven/scripts/purge_launchctl_overrides_delta.sh,scripts/purge_launchctl_overrides_delta.sh,purge_launchctl_overrides_delta.sh,.sh,Shell,AI/ML Tools,3924,2026-02-12T12:40:27.831604,ffd17cc907fb6cb0f91f897e9de9df7c,#!/usr/bin/env bash,,"GOOGLE,TEI,MAKE",medium,112
/Users/steven/scripts/setup_grok.sh,scripts/setup_grok.sh,setup_grok.sh,.sh,Shell,AI/ML Tools,8453,2026-02-12T12:40:30.373251,8841db1347d397978260ceac92567212,#!/usr/bin/env bash,"~/.zshrc,$ENV_LOADER","XAI_API_KEY,YOUR_API_KEY,CHECK_API_KEY,GROK_API_KEY,APIKEY,MAKE,XAI,GROK,MAXTOKEN",high,303
/Users/steven/scripts/analyze_local_dirs.sh,scripts/analyze_local_dirs.sh,analyze_local_dirs.sh,.sh,Shell,AI/ML Tools,5905,2026-02-12T12:40:25.041031,c149ea996790a34f50f4fb152d48ed46,#!/usr/bin/env bash,,CLAUDE,high,160
/Users/steven/scripts/analyze_and_integrate_clean.sh,scripts/analyze_and_integrate_clean.sh,analyze_and_integrate_clean.sh,.sh,Shell,AI/ML Tools,9330,2026-02-12T12:40:26.980860,bccfff9b2cc30c5ae1f674f74c7d8d69,#!/usr/bin/env bash,,"OPENAI,API_KEY",high,281
/Users/steven/scripts/AVATARARTS_RESTRUCTURING_MASTER.sh,scripts/AVATARARTS_RESTRUCTURING_MASTER.sh,AVATARARTS_RESTRUCTURING_MASTER.sh,.sh,Shell,AI/ML Tools,12331,2026-02-12T12:40:25.684705,7a514e7b5785940567b7ae1f58842a50,#!/usr/bin/env bash,,"DALLE,NOTION,LEONARDO",high,291
/Users/steven/scripts/deploy_quantumforgelabs.sh,scripts/deploy_quantumforgelabs.sh,deploy_quantumforgelabs.sh,.sh,Shell,AI/ML Tools,3861,2026-02-12T12:40:37.508629,513176d41773149f7fb0436ab568e6c4,#!/usr/bin/env bash,,,medium,84
/Users/steven/scripts/setup-ai-apis.sh,scripts/setup-ai-apis.sh,setup-ai-apis.sh,.sh,Shell,AI/ML Tools,23145,2026-02-12T12:40:27.410588,f4daa7044abf0852776a1da888b7d751,#!/usr/bin/env bash,"$HOME/miniforge3/etc/profile.d/conda.sh,$HOME/.env.d/loader.sh","NEWSAPI_KEY,RUNWAY,NEWSAPI,CHROMA,GROK,OPENAI,SERPAPI_KEY,DEEPGRAM,CHROMADB_API_KEY,CLAUDE,STABLE,OPENAI_API_KEY,COHERE,RUNWAY_API_KEY,STABILITY,LEONARDO,FIREWORKS,ELEVENLABS_API_KEY,FIREWORKS_API_KEY,_TOKEN,CHECK_API_KEY,SUNO_API_KEY,_API_KEY,PINECONE_API_KEY,DEEPSEEK_API_KEY,GROQ_API,ANTHROPIC_API_KEY,QDRANT,ASSEMBLY,API_KEY,PINECONE,COHERE_API_KEY,GROK_API_KEY,ANTHROPIC,DEEPGRAM_API_KEY,QDRANT_API_KEY,REPLICATE_API_TOKEN,MAX_TOKEN,REPLICATE,LLAMA,GROQ_API_KEY,ELEVEN,SERP,STABILITY_API_KEY,SUNO,GROQ,LEONARDO_API_KEY,ASSEMBLYAI_API_KEY",high,698
/Users/steven/scripts/analysis_launcher.sh,scripts/analysis_launcher.sh,analysis_launcher.sh,.sh,Shell,AI/ML Tools,4680,2026-02-12T12:40:28.180801,ea71e1627de71d46821f0bece5dd74be,#!/usr/bin/env bash,,,high,188
/Users/steven/scripts/ai-watchdog.sh,scripts/ai-watchdog.sh,ai-watchdog.sh,.sh,Shell,AI/ML Tools,4375,2026-02-12T12:40:29.393638,dbeb9287fd1d9228745f17e5a262f8e1,#!/usr/bin/env bash,,"CLAUDE,GROK",high,123
/Users/steven/scripts/agent_forge/scripts/run_keyword_radar.sh,scripts/agent_forge/scripts/run_keyword_radar.sh,run_keyword_radar.sh,.sh,Shell,AI/ML Tools,296,2026-02-06T22:36:49.852108,0abcca9abf8f667c1423cea9bcbb9578,#!/usr/bin/env bash,,,low,12
/Users/steven/scripts/automated_cleanup.sh,scripts/automated_cleanup.sh,automated_cleanup.sh,.sh,Shell,AI/ML Tools,5549,2026-02-12T12:40:26.408527,19ebb8fb0ad704c8148f640aa1b5a409,#!/usr/bin/env bash,,,high,168
/Users/steven/scripts/agent_forge/scripts/run_xeo_suite.sh,scripts/agent_forge/scripts/run_xeo_suite.sh,run_xeo_suite.sh,.sh,Shell,AI/ML Tools,404,2026-02-06T22:52:22.060270,2c4eaf9916f4be608103f0e4d9865b4c,#!/usr/bin/env bash,,,low,20
/Users/steven/scripts/AVATARARTS_RESTRUCTURE_VERIFY.sh,scripts/AVATARARTS_RESTRUCTURE_VERIFY.sh,AVATARARTS_RESTRUCTURE_VERIFY.sh,.sh,Shell,AI/ML Tools,8886,2026-02-12T12:40:32.722666,87e6528b2fc9eb1e701ff488f687097a,#!/usr/bin/env bash,,,high,197
/Users/steven/scripts/run_multi_analysis.sh,scripts/run_multi_analysis.sh,run_multi_analysis.sh,.sh,Shell,AI/ML Tools,573,2026-02-12T12:40:26.251868,948622f0cd5764bace324f327a552ee3,#!/usr/bin/env bash,,,low,23
/Users/steven/scripts/cleanup_duplicates.sh,scripts/cleanup_duplicates.sh,cleanup_duplicates.sh,.sh,Shell,AI/ML Tools,1731,2026-02-12T12:40:37.336354,277a65c7a476c4a5347c57a81c554b9a,#!/usr/bin/env bash,,,medium,44
/Users/steven/scripts/ai_unified_menu.sh,scripts/ai_unified_menu.sh,ai_unified_menu.sh,.sh,Shell,AI/ML Tools,10831,2026-02-12T12:40:31.903100,4db0e28a56259bcca5fa2666715b1d4e,#!/usr/bin/env bash,"$HOME/.env.d/loader.sh,$HOME/.activate-ai-apis.sh","XAI_API_KEY,LLAMA,GROK_API_KEY,GROK,OPENAI,XAI,CLAUDE,OPENAI_API_KEY,OLLAMA",high,413
/Users/steven/scripts/rsnapshot_if_mounted.sh,scripts/rsnapshot_if_mounted.sh,rsnapshot_if_mounted.sh,.sh,Shell,AI/ML Tools,1936,2026-02-12T12:40:31.268313,c58964c4107c5e197b7cdef9c41ba4e9,#!/usr/bin/env bash,,,medium,57
/Users/steven/scripts/noi_data_checker_with_links.sh,scripts/noi_data_checker_with_links.sh,noi_data_checker_with_links.sh,.sh,Shell,AI/ML Tools,4132,2026-02-12T12:40:28.866069,d66ea03ebe1d8ae46699f53ba4693dc2,#!/usr/bin/env bash,,"PERPLEXITY,CLAUDE,GROK",high,118
/Users/steven/scripts/move_20230120024314.sh,scripts/move_20230120024314.sh,move_20230120024314.sh,.sh,Shell,AI/ML Tools,809,2026-02-12T12:40:27.361594,3ca90d72abb0f1870087d4dce11dbad8,#!/usr/bin/env bash,,,low,33
/Users/steven/scripts/SETUP_ALL_PROJECTS_WITH_STYLES.sh,scripts/SETUP_ALL_PROJECTS_WITH_STYLES.sh,SETUP_ALL_PROJECTS_WITH_STYLES.sh,.sh,Shell,AI/ML Tools,8300,2026-02-12T12:40:26.290761,50b28675e2041fba744e8cd4977dcb41,#!/usr/bin/env bash,,MAKE,high,274
/Users/steven/scripts/update_enhanced.sh,scripts/update_enhanced.sh,update_enhanced.sh,.sh,Shell,AI/ML Tools,22600,2026-02-12T12:40:29.529064,56159144f3e4a05ed5a4f2659a3d80a5,#!/usr/bin/env bash,${HOME}/.nvm/nvm.sh,"CLAUDE,GROQ",high,678
/Users/steven/scripts/fixer.sh,scripts/fixer.sh,fixer.sh,.sh,Shell,AI/ML Tools,2063,2026-02-12T12:40:31.558078,71ccfdf14a1d15a359bdc7b822f8d3e2,#!/usr/bin/env bash,,,medium,62
/Users/steven/scripts/EXECUTE_COMPLETE_ECOSYSTEM_SCAN.sh,scripts/EXECUTE_COMPLETE_ECOSYSTEM_SCAN.sh,EXECUTE_COMPLETE_ECOSYSTEM_SCAN.sh,.sh,Shell,AI/ML Tools,7004,2026-02-12T12:40:32.369933,fd30b7e7107daceaee5feec251be01be,#!/usr/bin/env bash,,,high,167
/Users/steven/scripts/make_cvs_snapshot.sh,scripts/make_cvs_snapshot.sh,make_cvs_snapshot.sh,.sh,Shell,AI/ML Tools,903,2026-02-12T12:40:37.610042,1927a9ee21f4e363aea72c0e72b69522,#!/usr/bin/env bash,,MAKE,low,30
/Users/steven/scripts/.git/ai/working_logs/initial/blobs/1e0d3c7e47ffdff9792504250f3404aa254f063d2ea8ea3b9eed896e56d7bf0a,scripts/.git/ai/working_logs/initial/blobs/1e0d3c7e47ffdff9792504250f3404aa254f063d2ea8ea3b9eed896e56d7bf0a,1e0d3c7e47ffdff9792504250f3404aa254f063d2ea8ea3b9eed896e56d7bf0a,,Unknown,AI/ML Tools,1798,2026-02-11T21:02:54.349764,ff022f1d24ca4e9a73235529457ed0fd,#!/usr/bin/env python3,,,medium,56
/Users/steven/scripts/final_cleanup.sh,scripts/final_cleanup.sh,final_cleanup.sh,.sh,Shell,AI/ML Tools,2434,2026-02-12T12:40:25.984273,c6d9e4fe85c9dfec9a69df33f4584902,#!/usr/bin/env bash,,"WHISPER,ANTHROPIC,CLAUDE,OPENAI",medium,90
/Users/steven/scripts/setup_ai_tools_config.sh,scripts/setup_ai_tools_config.sh,setup_ai_tools_config.sh,.sh,Shell,AI/ML Tools,4093,2026-02-12T12:40:26.487261,c8f41e84ace3156cec73e8056d481597,#!/usr/bin/env bash,~/.env.d/llm-apis.env,"TOKEN,CLAUDE,OPENAI,OPENAI_API_KEY,ANTHROPIC,GEMINI_API_KEY,ANTHROPIC_API_KEY",high,163
/Users/steven/scripts/convert.sh,scripts/convert.sh,convert.sh,.sh,Shell,AI/ML Tools,1082,2026-02-12T12:40:34.962932,677f0fe6a3a5c9dca89ff586010b7d89,#!/usr/bin/env bash,,,medium,41
/Users/steven/scripts/elasticsearch_setup.sh,scripts/elasticsearch_setup.sh,elasticsearch_setup.sh,.sh,Shell,AI/ML Tools,2051,2026-02-12T12:40:26.630606,7831a0208d4aecd9ed7bb39591a38eb4,#!/usr/bin/env bash,,TOKEN,medium,88
/Users/steven/scripts/.git/ai/working_logs/initial/blobs/cc0df80cfb34f0e1e94071b16ed2d08e9503770f57eff272ac79db154abe8622,scripts/.git/ai/working_logs/initial/blobs/cc0df80cfb34f0e1e94071b16ed2d08e9503770f57eff272ac79db154abe8622,cc0df80cfb34f0e1e94071b16ed2d08e9503770f57eff272ac79db154abe8622,,Shell,AI/ML Tools,5091,2026-02-11T20:43:55.834132,169d65c2496f7499c310a887aa1e40bf,#!/usr/bin/env bash,,,high,145
/Users/steven/scripts/clipboard_fuzzy_search.sh,scripts/clipboard_fuzzy_search.sh,clipboard_fuzzy_search.sh,.sh,Shell,AI/ML Tools,8606,2026-02-12T12:40:31.308809,471e706a2eeb50ec420a23f2492011ea,#!/usr/bin/env bash,~/Documents/paste_export/clipboard_fuzzy_search.sh,,high,272
/Users/steven/scripts/upvid.sh,scripts/upvid.sh,upvid.sh,.sh,Shell,AI/ML Tools,992,2026-02-12T12:40:26.666432,5a55da2a6ea8fae1f72aeea8f7d16692,#!/usr/bin/env bash,,,medium,43
/Users/steven/scripts/web.sh,scripts/web.sh,web.sh,.sh,Shell,AI/ML Tools,1671,2026-02-12T12:40:31.697806,cdadce468e2dae2d04ad6308508a51ba,#!/usr/bin/env bash,,DALLE,medium,52
/Users/steven/scripts/zshrc_performance_analyzer.sh,scripts/zshrc_performance_analyzer.sh,zshrc_performance_analyzer.sh,.sh,Shell,AI/ML Tools,5237,2026-02-12T12:40:36.569486,101902b1390c5d4bf5f035c6642edd2d,#!/usr/bin/env bash,,,high,177
/Users/steven/scripts/enhanced_encrypt_sensitive_env_files.sh,scripts/enhanced_encrypt_sensitive_env_files.sh,enhanced_encrypt_sensitive_env_files.sh,.sh,Shell,AI/ML Tools,14790,2026-02-12T12:40:27.282084,bf522ce2f9220472fea5b3bd740b5108,#!/usr/bin/env bash,,,high,458
/Users/steven/scripts/python-env-cleanup.sh,scripts/python-env-cleanup.sh,python-env-cleanup.sh,.sh,Shell,AI/ML Tools,4414,2026-02-12T12:40:31.735659,4e43be33a581f675a418443f01d2c122,#!/usr/bin/env bash,,,high,133
/Users/steven/scripts/mac_diag.sh,scripts/mac_diag.sh,mac_diag.sh,.sh,Shell,AI/ML Tools,4012,2026-02-12T12:39:30.925751,41b6ff9749bbb5c4215cc332f288576c,#!/usr/bin/env bash,,GOOGLE,high,155
/Users/steven/scripts/setup-env-d-only.sh,scripts/setup-env-d-only.sh,setup-env-d-only.sh,.sh,Shell,AI/ML Tools,10126,2026-02-12T12:40:25.535609,a140ad22e37ae19f3e07785960b2fe7f,#!/usr/bin/env bash,"~/.env,~/.activate-ai-apis.sh,~/.env.d/loader.sh,$HOME/.env.d/loader.sh,~/.ai-apis.env","NEWSAPI,OPENAI,OPENAI_API_KEY,STABILITY,ZAPIER,SLITE,DEEPSEEK_API_KEY,GROQ_API,XAI_API_KEY,API_KEY,PINECONE,XAI,AZURE,REPLICATE,GROQ_API_KEY,ELEVEN,TWILIO,SERP,NOTION,SUNO,GROQ",high,305
/Users/steven/scripts/check_grok_setup_full.sh,scripts/check_grok_setup_full.sh,check_grok_setup_full.sh,.sh,Shell,AI/ML Tools,4864,2026-02-12T12:40:29.014394,aab6e9b1f475ffd2355bbaa961da9df4,#!/usr/bin/env bash,,"LLAMA,GROK_API_KEY,GROK,OPENAI,XAI,OPENAI_API_KEY,ANTHROPIC,OLLAMA,ANTHROPIC_API_KEY",high,116
/Users/steven/scripts/gallery_batch_process.sh,scripts/gallery_batch_process.sh,gallery_batch_process.sh,.sh,Shell,AI/ML Tools,3366,2026-02-12T12:40:33.682155,b6d6ba5c58bc97fa3981d88827393e56,#!/usr/bin/env bash,,NOTION,medium,101
/Users/steven/scripts/convert_webp_advanced.sh,scripts/convert_webp_advanced.sh,convert_webp_advanced.sh,.sh,Shell,AI/ML Tools,1061,2026-02-12T12:40:32.136858,bec246e151bbec6612f9d773ca2b036c,#!/usr/bin/env bash,,,medium,39
/Users/steven/scripts/agent_forge/scripts/bootstrap_agent_forge.sh,scripts/agent_forge/scripts/bootstrap_agent_forge.sh,bootstrap_agent_forge.sh,.sh,Shell,AI/ML Tools,501,2026-02-06T22:36:45.262788,ae11e369e2889c1f18aeeccb05c473ea,#!/usr/bin/env bash,,,low,14
/Users/steven/scripts/sip_disk_repair.sh,scripts/sip_disk_repair.sh,sip_disk_repair.sh,.sh,Shell,AI/ML Tools,7936,2026-02-12T12:40:25.468680,7abf088a4567cd0cbd37683be35448ef,#!/usr/bin/env bash,,,high,318
/Users/steven/scripts/fix_ts_content_type.sh,scripts/fix_ts_content_type.sh,fix_ts_content_type.sh,.sh,Shell,AI/ML Tools,3227,2026-02-12T12:40:33.589346,ee3d8b6bf67b8111dfdad3300a8c0e8f,#!/usr/bin/env bash,,,high,116
/Users/steven/scripts/agent_forge/apps/xeo_audit.py,scripts/agent_forge/apps/xeo_audit.py,xeo_audit.py,.py,Python,AI/ML Tools,11754,2026-02-06T22:54:07.907510,4e63d436572c8bb1d69b105c70ec9025,#!/usr/bin/env python3,"os,__future__,lib_xeo,datetime,lib_gsc,json,typing,argparse,pathlib",,high,317
/Users/steven/scripts/webm-mp3.sh,scripts/webm-mp3.sh,webm-mp3.sh,.sh,Shell,AI/ML Tools,804,2026-02-12T12:40:35.773151,a8023aa31fc37cb713d41771c17f3808,#!/usr/bin/env bash,,,low,25
/Users/steven/scripts/cleanup_local_dirs.sh,scripts/cleanup_local_dirs.sh,cleanup_local_dirs.sh,.sh,Shell,AI/ML Tools,6530,2026-02-12T12:40:31.362434,a3006acdc038bdd09199d9152ad7db91,#!/usr/bin/env bash,,CLAUDE,high,216
/Users/steven/scripts/mp4-txt.sh,scripts/mp4-txt.sh,mp4-txt.sh,.sh,Shell,AI/ML Tools,1204,2026-02-12T12:40:27.997826,c718cd3500351305613ec0cc563454cc,#!/usr/bin/env bash,~/.env.d/loader.sh,,medium,50
/Users/steven/scripts/copy_content.sh,scripts/copy_content.sh,copy_content.sh,.sh,Shell,AI/ML Tools,403,2026-02-12T12:40:37.470848,ad0d682ae2387dc088a4f57d5bd4c689,#!/usr/bin/env bash,,,low,18
/Users/steven/scripts/iterm2_tree_summary_helper.py,scripts/iterm2_tree_summary_helper.py,iterm2_tree_summary_helper.py,.py,Python,AI/ML Tools,1798,2026-02-11T19:41:02.924100,ff022f1d24ca4e9a73235529457ed0fd,#!/usr/bin/env python3,"sys,pathlib,os",,medium,56
/Users/steven/scripts/sftp_sync.sh,scripts/sftp_sync.sh,sftp_sync.sh,.sh,Shell,AI/ML Tools,1147,2026-02-12T12:40:34.158893,e42cc09b0b8b7469d5c258378d4f2dcd,#!/usr/bin/env bash,,,medium,37
/Users/steven/scripts/search_projects.sh,scripts/search_projects.sh,search_projects.sh,.sh,Shell,AI/ML Tools,798,2026-02-12T12:40:29.857378,cdea9266c9d416bb27cdd4993d98dfcf,#!/usr/bin/env bash,,,low,31
/Users/steven/scripts/check-performance.sh,scripts/check-performance.sh,check-performance.sh,.sh,Shell,AI/ML Tools,794,2026-02-12T12:40:26.699131,f26ef4984864c6680a7659b4a78a95af,#!/usr/bin/env bash,,,low,28
/Users/steven/scripts/merge_and_organize_drives.sh,scripts/merge_and_organize_drives.sh,merge_and_organize_drives.sh,.sh,Shell,AI/ML Tools,10395,2026-02-12T12:40:29.065509,5b62e3cc790572bdcd14ecc38822e0a1,#!/usr/bin/env bash,,,high,264
/Users/steven/scripts/png.sh,scripts/png.sh,png.sh,.sh,Shell,AI/ML Tools,798,2026-02-12T12:40:26.185852,0bd7762d7b915dcad0fadad09779540e,#!/usr/bin/env bash,,,low,31
/Users/steven/scripts/opentabs.sh,scripts/opentabs.sh,opentabs.sh,.sh,Shell,AI/ML Tools,2659,2026-02-12T12:40:33.838767,f4c911ebf6ffcd1e575614bc6b37018e,#!/usr/bin/env bash,,SUNO,medium,51
/Users/steven/scripts/analyze_inventory.sh,scripts/analyze_inventory.sh,analyze_inventory.sh,.sh,Shell,AI/ML Tools,6698,2026-02-12T12:40:33.542933,a4cdb107e500c6cd3da05ba2df52c728,#!/usr/bin/env bash,,,high,187
/Users/steven/scripts/mac-cleanup-pro.sh,scripts/mac-cleanup-pro.sh,mac-cleanup-pro.sh,.sh,Shell,AI/ML Tools,14960,2026-02-11T18:32:32.169941,a3078e1829185339931061d462f78323,#!/usr/bin/env bash,,,high,416
/Users/steven/scripts/install.sh,scripts/install.sh,install.sh,.sh,Shell,AI/ML Tools,1803,2026-02-12T12:40:28.325026,c44a07f2bc3a1edfd152e2bc6e40b1ef,#!/usr/bin/env bash,,MAKE,medium,77
/Users/steven/scripts/mp4-txt 2.sh,scripts/mp4-txt 2.sh,mp4-txt 2.sh,.sh,Shell,AI/ML Tools,1485,2026-02-12T12:40:34.082444,8f9688b270742f93caf654c73180cf2b,#!/usr/bin/env bash,,,medium,42
/Users/steven/scripts/enhanced_cleanup.sh,scripts/enhanced_cleanup.sh,enhanced_cleanup.sh,.sh,Shell,AI/ML Tools,13851,2026-02-12T12:40:38.207733,07ce96c41216db665e2676ffe60d3e43,#!/usr/bin/env bash,,"LLAMA,GOOGLE,OLLAMA",high,456
/Users/steven/scripts/CONVERT_TO_STATIC_HTML.sh,scripts/CONVERT_TO_STATIC_HTML.sh,CONVERT_TO_STATIC_HTML.sh,.sh,Shell,AI/ML Tools,18298,2026-02-12T12:40:27.467377,ed40baa643cf243947a19b6318346997,#!/usr/bin/env bash,,,high,551
/Users/steven/scripts/safe_recursive_rename.sh,scripts/safe_recursive_rename.sh,safe_recursive_rename.sh,.sh,Shell,AI/ML Tools,12241,2026-02-12T12:40:26.372946,e349f48cad5ce5e35bec1e0b73be0523,#!/usr/bin/env bash,,,high,345
/Users/steven/scripts/cleanup_redundant_files.sh,scripts/cleanup_redundant_files.sh,cleanup_redundant_files.sh,.sh,Shell,AI/ML Tools,2184,2026-02-12T12:38:22.911519,db3418f1b445973594b11bfabf4756ca,#!/usr/bin/env bash,,,medium,71
/Users/steven/scripts/agent_forge/apps/mission_planner.py,scripts/agent_forge/apps/mission_planner.py,mission_planner.py,.py,Python,AI/ML Tools,1947,2026-02-06T22:36:13.952723,ed578fd9f234099269afedfbe371daa3,#!/usr/bin/env python3,"__future__,lib_trends,typing,argparse,pathlib",,medium,54
/Users/steven/scripts/convert_webp_to_jpeg.sh,scripts/convert_webp_to_jpeg.sh,convert_webp_to_jpeg.sh,.sh,Shell,AI/ML Tools,783,2026-02-12T12:40:38.038229,e09ac4e7a52efe49a467f786ead16fab,#!/usr/bin/env bash,,,low,23
/Users/steven/scripts/mp4-txt_1.sh,scripts/mp4-txt_1.sh,mp4-txt_1.sh,.sh,Shell,AI/ML Tools,1443,2026-02-12T12:40:35.383870,4a90986590a3f0c34a02bd0fb63d679e,#!/usr/bin/env bash,,,medium,42
/Users/steven/scripts/analyze_drive_content.sh,scripts/analyze_drive_content.sh,analyze_drive_content.sh,.sh,Shell,AI/ML Tools,10724,2026-02-12T12:40:34.561751,8d4a20e009356968153379dda26ffbd4,#!/usr/bin/env bash,,,high,293
/Users/steven/scripts/test-env-d-only.sh,scripts/test-env-d-only.sh,test-env-d-only.sh,.sh,Shell,AI/ML Tools,6289,2026-02-12T12:40:34.820739,4f23ac06f79ad7527e5b8c54c87b18d8,#!/usr/bin/env bash,,"XAI_API_KEY,API_KEY,GROQ_API_KEY,OPENAI,XAI,OPENAI_API_KEY,GROQ,DEEPSEEK_API_KEY,GROQ_API",high,178
/Users/steven/scripts/evolution-updater.sh,scripts/evolution-updater.sh,evolution-updater.sh,.sh,Shell,AI/ML Tools,12058,2026-02-12T12:40:26.449732,23c494495d94dbac32c9f20f5e03a4b8,#!/usr/bin/env bash,,"GROK,API-KEY,CLAUDE",high,372
/Users/steven/scripts/deploy-to-github.sh,scripts/deploy-to-github.sh,deploy-to-github.sh,.sh,Shell,AI/ML Tools,12094,2026-02-12T12:40:32.095161,65aedf3ef068a0da10c3de448ec21247,#!/usr/bin/env bash,,,high,473
/Users/steven/scripts/set-dpi.sh,scripts/set-dpi.sh,set-dpi.sh,.sh,Shell,AI/ML Tools,1408,2026-02-12T12:40:30.338094,718bae5cbe80e5937001d0dd8094ee82,#!/usr/bin/env bash,,,medium,50
/Users/steven/scripts/process_music.sh,scripts/process_music.sh,process_music.sh,.sh,Shell,AI/ML Tools,1481,2026-02-12T12:40:27.793092,a094e9c4c676b6b24d861919fd9d46c9,#!/usr/bin/env bash,,,medium,44
/Users/steven/scripts/.git/ai/working_logs/initial/blobs/55b317013006c2f9d18f4d2a072de7948bfe8ea3605f764f67140343ae6057ab,scripts/.git/ai/working_logs/initial/blobs/55b317013006c2f9d18f4d2a072de7948bfe8ea3605f764f67140343ae6057ab,55b317013006c2f9d18f4d2a072de7948bfe8ea3605f764f67140343ae6057ab,,Shell,AI/ML Tools,5091,2026-02-11T21:02:54.349522,ce34ec9dd469ea9eb2296702c6eb2e15,#!/usr/bin/env bash,,,high,145
/Users/steven/scripts/300dpi.sh,scripts/300dpi.sh,300dpi.sh,.sh,Shell,AI/ML Tools,1517,2026-02-12T12:40:25.867015,5cdddf99c3a23ff0ca3892c758dba062,#!/usr/bin/env bash,,,medium,57
/Users/steven/scripts/final-aggressive-cleanup.sh,scripts/final-aggressive-cleanup.sh,final-aggressive-cleanup.sh,.sh,Shell,AI/ML Tools,2062,2026-02-12T12:40:29.480793,4618766bcb955f72b0530350eee19068,#!/usr/bin/env bash,,CLAUDE,medium,71
/Users/steven/scripts/steven_website_generator.sh,scripts/steven_website_generator.sh,steven_website_generator.sh,.sh,Shell,AI/ML Tools,30846,2026-02-12T12:40:36.180352,e69502cd25ad7171443c89302ae1a507,#!/usr/bin/env bash,,"GOOGLE,MAKE",high,1033
/Users/steven/scripts/.git/ai/working_logs/initial/blobs/0d5c00a0a1b9a46a504160d5df23e71d63cb52ae8e81786ee13b91f139826362,scripts/.git/ai/working_logs/initial/blobs/0d5c00a0a1b9a46a504160d5df23e71d63cb52ae8e81786ee13b91f139826362,0d5c00a0a1b9a46a504160d5df23e71d63cb52ae8e81786ee13b91f139826362,,Shell,AI/ML Tools,4997,2026-02-11T20:43:34.455224,1ea42c3e17ef6c5d0d309278ac256b37,#!/usr/bin/env bash,,,high,144
/Users/steven/scripts/APPLY_STYLES_AND_IMPROVEMENTS.sh,scripts/APPLY_STYLES_AND_IMPROVEMENTS.sh,APPLY_STYLES_AND_IMPROVEMENTS.sh,.sh,Shell,AI/ML Tools,9628,2026-02-12T12:40:35.904883,5fcc98667f35b03d5fe1e191e9f63127,#!/usr/bin/env bash,,,high,274
/Users/steven/scripts/downs.sh,scripts/downs.sh,downs.sh,.sh,Shell,AI/ML Tools,464,2026-02-12T12:40:32.284818,7b4cde470f652b725e5dfa86c9ca1088,#!/usr/bin/env bash,,,low,21
/Users/steven/scripts/bootstrap.sh,scripts/bootstrap.sh,bootstrap.sh,.sh,Shell,AI/ML Tools,960,2025-09-10T02:28:30.561955,97d485149310ab27a482268170deabde,#!/usr/bin/env bash,,MAKE,low,26
/Users/steven/scripts/check-update.sh,scripts/check-update.sh,check-update.sh,.sh,Shell,AI/ML Tools,6598,2026-02-12T12:40:35.811364,40f888938ad71882b2f498609d3189f8,#!/usr/bin/env bash,,,high,245
/Users/steven/scripts/agent_forge/mcp/keyword_intel_mcp.py,scripts/agent_forge/mcp/keyword_intel_mcp.py,keyword_intel_mcp.py,.py,Python,AI/ML Tools,2953,2026-02-06T22:36:27.806445,9acdf5ea4ba69f025f6481a3461ebb23,#!/usr/bin/env python3,"__future__,lib_trends,sys,json,typing,pathlib",,medium,93
/Users/steven/scripts/safe_duplicate_removal.sh,scripts/safe_duplicate_removal.sh,safe_duplicate_removal.sh,.sh,Shell,File Management,1347,2026-02-12T12:40:32.417283,91cedae0dd6e3e1e64d4720a10ee74bd,#!/usr/bin/env bash,,,medium,49
/Users/steven/scripts/verify_integration.sh,scripts/verify_integration.sh,verify_integration.sh,.sh,Shell,AI/ML Tools,7244,2026-02-12T12:40:33.888628,ffd58b29fb6ad8726108abf5581b731c,#!/usr/bin/env bash,,,high,221
/Users/steven/scripts/compare-pdfs.sh,scripts/compare-pdfs.sh,compare-pdfs.sh,.sh,Shell,AI/ML Tools,1847,2026-02-12T12:40:27.211838,b3ade1cd40ea12995faf5cf41d52d5eb,#!/usr/bin/env bash,,,medium,56
/Users/steven/scripts/complete_content_aware_rename.sh,scripts/complete_content_aware_rename.sh,complete_content_aware_rename.sh,.sh,Shell,AI/ML Tools,11780,2026-02-12T12:40:36.387280,6a3eb0661624cedae48a3a6972f73f2b,#!/usr/bin/env bash,,,high,337
/Users/steven/scripts/manage-extensions.sh,scripts/manage-extensions.sh,manage-extensions.sh,.sh,Shell,AI/ML Tools,2803,2026-02-12T12:40:31.116368,d4ad1b217729255487221e8a0b7d0a45,#!/usr/bin/env bash,,,medium,112
/Users/steven/scripts/test_improvements.sh,scripts/test_improvements.sh,test_improvements.sh,.sh,Shell,AI/ML Tools,1044,2026-02-12T12:42:07.698170,f349c23f656a0ba8973e13e8ac195d84,#!/usr/bin/env bash,/Users/steven/scripts/utils/common_utils.sh,,low,41
/Users/steven/scripts/split_video_for_youtube.sh,scripts/split_video_for_youtube.sh,split_video_for_youtube.sh,.sh,Shell,AI/ML Tools,1833,2026-02-12T12:40:32.333521,0aeb9820391bbf0c3c5660b2cc116352,#!/usr/bin/env bash,,,medium,58
/Users/steven/scripts/agent_forge/apps/keyword_radar.py,scripts/agent_forge/apps/keyword_radar.py,keyword_radar.py,.py,Python,AI/ML Tools,2184,2026-02-06T22:35:51.477990,2a63d9ac8a73f694ca61511caba06a0b,#!/usr/bin/env python3,"__future__,lib_trends,json,typing,argparse,pathlib",,medium,68
/Users/steven/scripts/start_analytics.sh,scripts/start_analytics.sh,start_analytics.sh,.sh,Shell,AI/ML Tools,2130,2026-02-12T12:40:28.042317,4710e7d0c171e9fc90f63fd8a33cb3a2,#!/usr/bin/env bash,,"TOKEN,SUNO",medium,91
/Users/steven/scripts/ollama_setup_light.sh,scripts/ollama_setup_light.sh,ollama_setup_light.sh,.sh,Shell,AI/ML Tools,1402,2025-09-03T03:50:46,106ce3f70392f47090d56eef790f3ab7,#!/usr/bin/env bash,,"GEMMA,LLAVA,LLAMA,OLLAMA",medium,56
/Users/steven/scripts/iterm2_full_tree.sh,scripts/iterm2_full_tree.sh,iterm2_full_tree.sh,.sh,Shell,AI/ML Tools,868,2026-02-11T20:46:31.663295,d3861f7421742599672741cb1772d3e5,#!/usr/bin/env bash,,"CLAUDE,GROK",low,26
/Users/steven/scripts/check_all_package_conflicts.sh,scripts/check_all_package_conflicts.sh,check_all_package_conflicts.sh,.sh,Shell,AI/ML Tools,9216,2026-02-12T12:40:31.627401,4f1fc782b6400d1851d7883c38d081d1,#!/usr/bin/env bash,,,high,263
/Users/steven/scripts/ollama_menu.sh,scripts/ollama_menu.sh,ollama_menu.sh,.sh,Shell,AI/ML Tools,5783,2026-02-12T12:40:37.584311,9fe1fb04adf233bbb7f2193585792691,#!/usr/bin/env bash,,"LLAVA,MISTRAL,LLAMA,OLLAMA",high,214
/Users/steven/scripts/move_claude_dirs.sh,scripts/move_claude_dirs.sh,move_claude_dirs.sh,.sh,Shell,AI/ML Tools,811,2026-02-12T12:40:26.939053,3a8cf060d58c5f311233269b17eb87d5,#!/usr/bin/env bash,,CLAUDE,low,21
/Users/steven/scripts/execute_all_content_aware_rename_fixed.sh,scripts/execute_all_content_aware_rename_fixed.sh,execute_all_content_aware_rename_fixed.sh,.sh,Shell,AI/ML Tools,10694,2026-02-12T12:40:34.913331,2c0d6befe54f30a1038535bd57d3b16c,#!/usr/bin/env bash,,,high,302
/Users/steven/scripts/format_lost_files_corrected.sh,scripts/format_lost_files_corrected.sh,format_lost_files_corrected.sh,.sh,Shell,AI/ML Tools,1450,2026-02-12T12:40:38.297438,b57a2e87da2ebc26479357237245ca35,#!/usr/bin/env bash,,,medium,48
/Users/steven/scripts/update.sh,scripts/update.sh,update.sh,.sh,Shell,AI/ML Tools,168,2025-10-19T23:28:07,ce6ab5483be08482bd6cfab83eaaae59,#!/usr/bin/env bash,,,low,6
/Users/steven/scripts/avatararts.sh,scripts/avatararts.sh,avatararts.sh,.sh,Shell,AI/ML Tools,954,2026-02-12T12:40:25.278626,5382f4d95cffc6d57fd414cd08c0d143,#!/usr/bin/env bash,,"DALLE,LEONARDO",low,27
/Users/steven/scripts/iterm2_tree_summary.sh,scripts/iterm2_tree_summary.sh,iterm2_tree_summary.sh,.sh,Shell,AI/ML Tools,5091,2026-02-11T20:44:15.508136,ce34ec9dd469ea9eb2296702c6eb2e15,#!/usr/bin/env bash,,,high,145
/Users/steven/scripts/webp_to_jpeg.sh,scripts/webp_to_jpeg.sh,webp_to_jpeg.sh,.sh,Shell,AI/ML Tools,649,2026-02-12T12:40:33.783137,74d7239ea86ff23689362f4fbb0032d6,#!/usr/bin/env bash,,,low,22
/Users/steven/scripts/img-removebg.sh,scripts/img-removebg.sh,img-removebg.sh,.sh,Shell,AI/ML Tools,771,2026-02-12T12:40:29.242715,78368e2b4998e1ad893f4e37ab4c4344,#!/usr/bin/env bash,,,low,27
/Users/steven/scripts/convert_to_webp.sh,scripts/convert_to_webp.sh,convert_to_webp.sh,.sh,Shell,AI/ML Tools,762,2026-02-12T12:40:35.542704,c0638be7c9082b6ca0a565631a6bec61,#!/usr/bin/env bash,,,low,30
/Users/steven/scripts/compare_files.sh,scripts/compare_files.sh,compare_files.sh,.sh,Shell,AI/ML Tools,487,2026-02-12T12:40:25.244925,b74c43211ce1056e01990ac11204cfb6,#!/usr/bin/env bash,,,low,19
/Users/steven/scripts/fill_api_keys.sh,scripts/fill_api_keys.sh,fill_api_keys.sh,.sh,Shell,AI/ML Tools,3901,2026-02-12T12:40:31.594539,ead074e3308363fe887184204ceb8165,#!/usr/bin/env bash,$HOME/.env.d/loader.sh,"NEWSAPI_KEY,NEWSAPI,SERPAPI_KEY,STABILITY,TWILIO_AUTH_TOKEN,ELEVENLABS_API_KEY,TOKEN,SUNO_API_KEY,PINECONE_API_KEY,GOOGLE,NOTION_TOKEN,API_KEY,PINECONE,REPLICATE_API_TOKEN,REPLICATE,ELEVEN,TWILIO,SERP,STABILITY_API_KEY,NOTION,SUNO",high,139
/Users/steven/scripts/setup_home_search.sh,scripts/setup_home_search.sh,setup_home_search.sh,.sh,Shell,System Maintenance,1464,2026-01-21T09:50:23.979072,1dcb95edd6132759a12e083b60b4cba9,#!/usr/bin/env bash,home-search-env/bin/activate,MAKE,low,46
/Users/steven/scripts/check_env_keys.sh,scripts/check_env_keys.sh,check_env_keys.sh,.sh,Shell,AI/ML Tools,651,2026-02-12T12:40:30.217967,56452eb913b3e940c36ceb6fbfaac9ef,#!/usr/bin/env bash,,,low,26
/Users/steven/scripts/generate_csv.sh,scripts/generate_csv.sh,generate_csv.sh,.sh,Shell,AI/ML Tools,2254,2026-02-12T12:40:31.519282,95a8586d7e8f0db33e1006152bf3ad1a,#!/usr/bin/env bash,,,medium,74
/Users/steven/scripts/START_HERE.sh,scripts/START_HERE.sh,START_HERE.sh,.sh,Shell,AI/ML Tools,3167,2026-02-12T12:40:30.568542,7780258e56e844beeebf9e1f664f8a2e,#!/usr/bin/env bash,,,medium,65
/Users/steven/scripts/rename_10_targeted.sh,scripts/rename_10_targeted.sh,rename_10_targeted.sh,.sh,Shell,AI/ML Tools,3923,2026-02-12T12:40:25.499656,b12eae92c645239050066199f0485ea0,#!/usr/bin/env bash,,,high,137
/Users/steven/scripts/webm_to_mp3.sh,scripts/webm_to_mp3.sh,webm_to_mp3.sh,.sh,Shell,AI/ML Tools,662,2026-02-12T12:40:26.736041,c98f23b3a78f690c820211fc092eef0e,#!/usr/bin/env bash,,,low,25
/Users/steven/scripts/ecosystem-enhancer.sh,scripts/ecosystem-enhancer.sh,ecosystem-enhancer.sh,.sh,Shell,AI/ML Tools,6795,2026-02-12T12:40:33.444662,34ca49bb78c240a57c9aa0263402bf5f,#!/usr/bin/env bash,custom-update.sh,"CLAUDE,GROK",high,210
/Users/steven/scripts/cleanimg.sh,scripts/cleanimg.sh,cleanimg.sh,.sh,Shell,AI/ML Tools,1332,2026-02-12T12:40:30.143813,0b6b6c1cdc141506cf833c5948ff5390,#!/usr/bin/env bash,,,medium,58
/Users/steven/scripts/archive_etsy.sh,scripts/archive_etsy.sh,archive_etsy.sh,.sh,Shell,AI/ML Tools,1461,2026-02-12T12:40:30.852647,b2329f9bab264a87897f1b3168d4e668,#!/usr/bin/env bash,,,medium,53
/Users/steven/scripts/agent_forge/apps/lib_gsc.py,scripts/agent_forge/apps/lib_gsc.py,lib_gsc.py,.py,Python,AI/ML Tools,3425,2026-02-06T22:50:53.588465,5875a81359137d6c82e13ed5721f3435,#!/usr/bin/env python3,"google.oauth2,urllib.parse,googleapiclient.discovery,os,__future__,typing,pathlib",GOOGLE,high,112
/Users/steven/scripts/fix_ts_quicklook_final.sh,scripts/fix_ts_quicklook_final.sh,fix_ts_quicklook_final.sh,.sh,Shell,AI/ML Tools,6555,2026-02-12T12:40:36.662016,c6febbe4b6c9e4e290b567659a37fe6e,#!/usr/bin/env bash,,,high,195
/Users/steven/scripts/run_generate_advanced_meta_csv.sh,scripts/run_generate_advanced_meta_csv.sh,run_generate_advanced_meta_csv.sh,.sh,Shell,AI/ML Tools,1494,2026-02-12T12:59:28.965951,446cd1cc4a279a8d81448f80c78bae9d,#!/usr/bin/env bash,,,medium,63
/Users/steven/scripts/mp3toMp4.sh,scripts/mp3toMp4.sh,mp3toMp4.sh,.sh,Shell,AI/ML Tools,1493,2026-02-12T12:40:26.055565,84e12e41c1546ffba4ebbc7b62b0f688,#!/usr/bin/env bash,,,medium,49
/Users/steven/scripts/uninstall_general.sh,scripts/uninstall_general.sh,uninstall_general.sh,.sh,Shell,AI/ML Tools,251,2025-09-03T06:42:18,46052c6307fd3c7e73232307ab659e53,#!/usr/bin/env bash,,"MISTRAL,LLAMA,OLLAMA",low,9
/Users/steven/scripts/run_ecosystem_agent.sh,scripts/run_ecosystem_agent.sh,run_ecosystem_agent.sh,.sh,Shell,AI/ML Tools,1539,2026-02-12T12:40:36.859405,a2fc9f9a52cabfbf76d09414b62d054f,#!/usr/bin/env bash,,,medium,46
