date,scope,old_path,new_path,shim_created
2026-04-22,scripts,/Users/steven/scripts/fix.sh,/Users/steven/scripts/mac-maintenance-technomancer.sh,yes
2026-04-22,scripts,/Users/steven/scripts/fixer.sh,/Users/steven/scripts/python-toolchain-bootstrap-verify.sh,yes
2026-04-22,scripts,/Users/steven/scripts/run.sh,/Users/steven/scripts/run-clean-organizer-batch.sh,yes
2026-04-22,scripts,/Users/steven/scripts/up.sh,/Users/steven/scripts/system-update-maintenance.sh,yes
2026-04-22,scripts,/Users/steven/scripts/down.sh,/Users/steven/scripts/download-images-from-csv.sh,yes
2026-04-22,scripts,/Users/steven/scripts/dev.sh,/Users/steven/scripts/npm-dev-server.sh,yes
2026-04-22,scripts,/Users/steven/scripts/web.sh,/Users/steven/scripts/convert-gallery-images-300dpi.sh,yes
2026-04-22,scripts,/Users/steven/scripts/png.sh,/Users/steven/scripts/convert-tiff-to-png.sh,yes
2026-04-22,scripts,/Users/steven/scripts/trans.sh,/Users/steven/scripts/transcribe-media-whisper-gpt.sh,yes
2026-04-22,scripts,/Users/steven/scripts/auto.sh,/Users/steven/scripts/split-chat-html-assets.sh,yes
2026-04-22,scripts,/Users/steven/scripts/shorty.sh,/Users/steven/scripts/upscale-mp4-2x.sh,yes
2026-04-22,scripts,/Users/steven/scripts/start-mobile.sh,/Users/steven/scripts/start-mobile-node-server.sh,yes
2026-04-22,scripts,/Users/steven/scripts/recovery.sh,/Users/steven/scripts/reboot-into-recovery-mode.sh,yes
2026-04-22,scripts,/Users/steven/scripts/install.sh,/Users/steven/scripts/media-organizer-install.sh,yes
2026-04-22,scripts,/Users/steven/scripts/list.sh,/Users/steven/scripts/package-inventory-report.sh,yes
2026-04-22,scripts,/Users/steven/scripts/manage_envs.sh,/Users/steven/scripts/mamba-environment-manager.sh,yes
2026-04-22,scripts,/Users/steven/scripts/cleanup_git.sh,/Users/steven/scripts/remove-git-from-noncritical-projects.sh,yes
2026-04-22,scripts,/Users/steven/scripts/autoclean.sh,/Users/steven/scripts/autotools-cleanup.sh,yes
2026-04-22,scripts,/Users/steven/scripts/sample_script.sh,/Users/steven/scripts/sample-dangerous-rm-script.sh,yes
2026-04-22,scripts,/Users/steven/scripts/launch_automation.sh,/Users/steven/scripts/launch-intelligent-organization-menu.sh,yes
2026-04-22,scripts,/Users/steven/scripts/search_files.sh,/Users/steven/scripts/search-file-index.sh,yes
2026-04-22,scripts,/Users/steven/scripts/search_helpers.sh,/Users/steven/scripts/clipboard-search-helpers.sh,yes
2026-04-22,scripts,/Users/steven/scripts/search_projects.sh,/Users/steven/scripts/search-project-indexes.sh,yes
2026-04-22,scripts,/Users/steven/scripts/process_music copy.sh,/Users/steven/scripts/process_music_legacy_copy.sh,yes
2026-04-22,scripts,/Users/steven/scripts/mp3tomp4 2.sh,/Users/steven/scripts/mp3-to-mp4-with-image.sh,yes
2026-04-22,scripts,/Users/steven/scripts/mp4-txt 2.sh,/Users/steven/scripts/mp4-to-transcript-analysis.sh,yes
2026-04-22,scripts,/Users/steven/scripts/mp4-txt_1.sh,/Users/steven/scripts/mp4-to-transcript-analysis-alt.sh,yes
2026-04-22,scripts,/Users/steven/scripts/merge_diff_1.sh,/Users/steven/scripts/merge-diff-podcast-files.sh,yes
2026-04-22,scripts,/Users/steven/scripts/check_grok_setup_full copy.sh,/Users/steven/scripts/generate-check-grok-setup-full.sh,yes
2026-04-22,Docker,/Users/steven/scripts/Docker/update.sh,/Users/steven/scripts/Docker/docker-compose-update.sh,no
2026-04-22,Docker,/Users/steven/scripts/Docker/start_caddy.sh,/Users/steven/scripts/Docker/docker-compose-start-caddy.sh,no
2026-04-22,Docker,/Users/steven/scripts/Docker/start_minimal.sh,/Users/steven/scripts/Docker/docker-compose-start-minimal.sh,no
2026-04-22,Docker,/Users/steven/scripts/Docker/start_postgres.sh,/Users/steven/scripts/Docker/docker-compose-start-postgres.sh,no
2026-04-22,Docker,/Users/steven/scripts/Docker/stop.sh,/Users/steven/scripts/Docker/docker-compose-stop-all.sh,no
2026-04-22,scripts,/Users/steven/scripts/activate.sh,/Users/steven/scripts/mamba-env-activation-helper.sh,yes
2026-04-22,scripts,/Users/steven/scripts/auto_activate.sh,/Users/steven/scripts/auto-activate-mamba-env-by-directory.sh,yes
2026-04-22,scripts,/Users/steven/scripts/back-clean.sh,/Users/steven/scripts/backup-and-clean-brew-python.sh,yes
2026-04-22,scripts,/Users/steven/scripts/cleanimg.sh,/Users/steven/scripts/delete-files-from-image-path-lists.sh,yes
2026-04-22,scripts,/Users/steven/scripts/combine.sh,/Users/steven/scripts/compare-trashcats-pdfs.sh,yes
2026-04-22,scripts,/Users/steven/scripts/copy_content.sh,/Users/steven/scripts/copy-input-to-clipboard.sh,yes
2026-04-22,scripts,/Users/steven/scripts/deploy.sh,/Users/steven/scripts/deploy-website-build-export.sh,yes
2026-04-22,scripts,/Users/steven/scripts/fix-python.sh,/Users/steven/scripts/lint-format-python-tree.sh,yes
2026-04-22,scripts,/Users/steven/scripts/fix_package_conflicts.sh,/Users/steven/scripts/audit-package-conflicts.sh,yes
2026-04-22,scripts,/Users/steven/scripts/grok_menu.sh,/Users/steven/scripts/grok-cli-menu.sh,yes
2026-04-22,scripts,/Users/steven/scripts/home_tree.sh,/Users/steven/scripts/generate-home-tree-exports.sh,yes
2026-04-22,scripts,/Users/steven/scripts/lvl.sh,/Users/steven/scripts/brew-update-lite.sh,yes
2026-04-22,scripts,/Users/steven/scripts/o250.sh,/Users/steven/scripts/move-files-into-batches-1000.sh,yes
2026-04-22,scripts,/Users/steven/scripts/open_archive.sh,/Users/steven/scripts/open-documents-archive-index.sh,yes
2026-04-22,scripts,/Users/steven/scripts/opentabs.sh,/Users/steven/scripts/open-suno-urls-sequentially.sh,yes
2026-04-22,scripts,/Users/steven/scripts/package_info.sh,/Users/steven/scripts/package-info-report.sh,yes
2026-04-22,scripts,/Users/steven/scripts/readpdf.sh,/Users/steven/scripts/diff-trashcats-pdfs.sh,yes
2026-04-22,scripts,/Users/steven/scripts/run_update.sh,/Users/steven/scripts/launch-enhanced-system-update.sh,yes
2026-04-22,scripts,/Users/steven/scripts/simple_consolidation.sh,/Users/steven/scripts/simple-three-folder-consolidation.sh,yes
2026-04-22,scripts,/Users/steven/scripts/sign_packages.sh,/Users/steven/scripts/sign-release-packages-gpg.sh,yes
2026-04-22,scripts,/Users/steven/scripts/track_move.sh,/Users/steven/scripts/move-tracking-functions.sh,yes
2026-04-22,scripts,/Users/steven/scripts/transcribe.sh,/Users/steven/scripts/transcribe-mp3-and-analyze.sh,yes
2026-04-22,scripts,/Users/steven/scripts/upscale.sh,/Users/steven/scripts/upscale-images-2x-300dpi.sh,yes
2026-04-22,scripts,/Users/steven/scripts/upscaler.sh,/Users/steven/scripts/resize-images-to-max-size.sh,yes
2026-04-22,scripts,/Users/steven/scripts/upshort.sh,/Users/steven/scripts/compress-mp4-to-1080x1920.sh,yes
2026-04-22,scripts,/Users/steven/scripts/upvid.sh,/Users/steven/scripts/demo-progress-bar.sh,yes
2026-04-22,scripts,/Users/steven/scripts/vid-resize-1080-1029upshort.sh,/Users/steven/scripts/compress-mp4-to-1080x1920-alt.sh,yes
2026-04-22,scripts,/Users/steven/scripts/xvif-to-jpg.sh,/Users/steven/scripts/convert-avif-to-jpg.sh,yes
2026-04-22,scripts,/Users/steven/scripts/START_HERE.sh,/Users/steven/scripts/analysis-toolkit-start-here.sh,yes
2026-04-22,scripts,/Users/steven/scripts/RUN_ALL_PROJECTS.sh,/Users/steven/scripts/run-all-static-projects.sh,yes
2026-04-22,scripts,/Users/steven/scripts/RUN_STATIC_SERVER.sh,/Users/steven/scripts/run-static-server.sh,yes
2026-04-22,scripts,/Users/steven/scripts/RUN_ULTRA_DEEP_ANALYSIS.sh,/Users/steven/scripts/run-ultra-deep-analysis.sh,yes
2026-04-22,scripts,/Users/steven/scripts/QUICK_FIX_COMMANDS.sh,/Users/steven/scripts/package-manager-quick-fix-commands.sh,yes
2026-04-22,scripts,/Users/steven/scripts/MASTER_ORGANIZATION_SCRIPT.sh,/Users/steven/scripts/master-home-organization.sh,yes
2026-04-22,scripts,/Users/steven/scripts/SETUP_ALL_PROJECTS_WITH_STYLES.sh,/Users/steven/scripts/setup-all-projects-with-styles.sh,yes
2026-04-22,scripts,/Users/steven/scripts/APPLY_STYLES_AND_IMPROVEMENTS.sh,/Users/steven/scripts/apply-styles-and-improvements.sh,yes
2026-04-22,scripts,/Users/steven/scripts/INTEGRATE_STYLES_INTO_PROJECTS.sh,/Users/steven/scripts/integrate-styles-into-projects.sh,yes
2026-04-22,scripts,/Users/steven/scripts/AVATARARTS_RESTRUCTURE_VERIFY.sh,/Users/steven/scripts/avatararts-restructure-verify.sh,yes
2026-04-22,scripts,/Users/steven/scripts/AVATARARTS_RESTRUCTURING_MASTER.sh,/Users/steven/scripts/avatararts-restructuring-master.sh,yes
2026-04-22,scripts,/Users/steven/scripts/Make-Content-Automation-setup.sh,/Users/steven/scripts/setup-make-content-automation.sh,yes
2026-04-22,scripts,/Users/steven/scripts/Documents-cleanup.sh,/Users/steven/scripts/documents-cleanup-legacy.sh,yes
2026-04-22,scripts,/Users/steven/scripts/downs.sh,/Users/steven/scripts/download-images-from-remote-csv.sh,yes
2026-04-22,scripts,/Users/steven/scripts/fill_api_keys.sh,/Users/steven/scripts/fill-api-keys.sh,yes
2026-04-22,scripts,/Users/steven/scripts/deploy-to-github_20251023210156.sh,/Users/steven/scripts/deploy-to-github-legacy-20251023210156.sh,yes
2026-04-22,scripts,/Users/steven/scripts/mp3toMp4.sh,/Users/steven/scripts/batch-mp3-to-mp4-with-image.sh,yes
2026-04-22,scripts,/Users/steven/scripts/mp4-txt.sh,/Users/steven/scripts/mp4-transcription-pipeline.sh,yes
2026-04-22,scripts,/Users/steven/scripts/process_music2.sh,/Users/steven/scripts/process-music-and-create-video-v2.sh,yes
2026-04-22,scripts,/Users/steven/scripts/check_grok_setup_full.sh,/Users/steven/scripts/grok-full-setup-diagnostic.sh,yes
2026-04-22,scripts,/Users/steven/scripts/upload.sh,/Users/steven/scripts/youtube-upload-test-video.sh,yes
2026-04-22,scripts,/Users/steven/scripts/updater-pro.sh,/Users/steven/scripts/system-updater-pro.sh,yes
2026-04-22,scripts,/Users/steven/scripts/tshirt.sh,/Users/steven/scripts/upscale-tshirt-png-4500x5400-300dpi.sh,yes
2026-04-22,scripts,/Users/steven/scripts/process_music.sh,/Users/steven/scripts/process-music-and-create-video.sh,yes
2026-04-22,scripts,/Users/steven/scripts/move_20230120024314.sh,/Users/steven/scripts/archive-rsync-delete-source-legacy.sh,yes
2026-04-22,scripts,/Users/steven/scripts/CONVERT_TO_STATIC_HTML.sh,/Users/steven/scripts/convert-to-static-html.sh,yes
2026-04-22,scripts,/Users/steven/scripts/EXECUTE_COMPLETE_ECOSYSTEM_SCAN.sh,/Users/steven/scripts/execute-complete-ecosystem-scan.sh,yes
2026-04-22,scripts,/Users/steven/scripts/add_error_handling.sh,/Users/steven/scripts/add-error-handling.sh,yes
2026-04-22,scripts,/Users/steven/scripts/advanced_png_optimize.sh,/Users/steven/scripts/advanced-png-optimize.sh,yes
2026-04-22,scripts,/Users/steven/scripts/ai_tools_menu_simple.sh,/Users/steven/scripts/ai-tools-menu-simple.sh,yes
2026-04-22,scripts,/Users/steven/scripts/ai_unified_menu.sh,/Users/steven/scripts/ai-unified-menu.sh,yes
2026-04-22,scripts,/Users/steven/scripts/analysis_launcher.sh,/Users/steven/scripts/analysis-launcher.sh,yes
2026-04-22,scripts,/Users/steven/scripts/analyze_and_integrate_clean.sh,/Users/steven/scripts/analyze-and-integrate-clean.sh,yes
2026-04-22,scripts,/Users/steven/scripts/analyze_drive_content.sh,/Users/steven/scripts/analyze-drive-content.sh,yes
2026-04-22,scripts,/Users/steven/scripts/analyze_folder_contents.sh,/Users/steven/scripts/analyze-folder-contents.sh,yes
2026-04-22,scripts,/Users/steven/scripts/analyze_inventory.sh,/Users/steven/scripts/analyze-inventory.sh,yes
2026-04-22,scripts,/Users/steven/scripts/analyze_local_dirs.sh,/Users/steven/scripts/analyze-local-dirs.sh,yes
2026-04-22,scripts,/Users/steven/scripts/archive_etsy.sh,/Users/steven/scripts/archive-etsy.sh,yes
2026-04-22,scripts,/Users/steven/scripts/audio_metadata_csv.sh,/Users/steven/scripts/audio-metadata-csv.sh,yes
2026-04-22,scripts,/Users/steven/scripts/audio_metadata_with_lufs.sh,/Users/steven/scripts/audio-metadata-with-lufs.sh,yes
2026-04-22,scripts,/Users/steven/scripts/audit_python_project.sh,/Users/steven/scripts/audit-python-project.sh,yes
2026-04-22,scripts,/Users/steven/scripts/autotagger_launcher.sh,/Users/steven/scripts/autotagger-launcher.sh,yes
2026-04-22,scripts,/Users/steven/scripts/batch_drive_analysis.sh,/Users/steven/scripts/batch-drive-analysis.sh,yes
2026-04-22,scripts,/Users/steven/scripts/check_all_package_conflicts.sh,/Users/steven/scripts/check-all-package-conflicts.sh,yes
2026-04-22,scripts,/Users/steven/scripts/analyze-and-integrate-clean.sh,/Users/steven/scripts/analyze-clean-system-and-integrate-masterxeo.sh,yes
2026-04-22,scripts,/Users/steven/scripts/check_env_keys.sh,/Users/steven/scripts/check-env-keys.sh,yes
2026-04-22,scripts,/Users/steven/scripts/check_grok_setup.sh,/Users/steven/scripts/check-grok-setup.sh,yes
2026-04-22,scripts,/Users/steven/scripts/check_quicklook_conflicts.sh,/Users/steven/scripts/check-quicklook-conflicts.sh,yes
2026-04-22,scripts,/Users/steven/scripts/clean_directory_names.sh,/Users/steven/scripts/clean-directory-names.sh,yes
2026-04-22,scripts,/Users/steven/scripts/clean_global_pip.sh,/Users/steven/scripts/clean-global-pip.sh,yes
2026-04-22,scripts,/Users/steven/scripts/clipboard_fuzzy_search.sh,/Users/steven/scripts/clipboard-fuzzy-search.sh,yes
2026-04-22,scripts,/Users/steven/scripts/compare_files.sh,/Users/steven/scripts/compare-files.sh,yes
2026-04-22,scripts,/Users/steven/scripts/comprehensive_home_inventory.sh,/Users/steven/scripts/comprehensive-home-inventory.sh,yes
2026-04-22,scripts,/Users/steven/scripts/compress_videos.sh,/Users/steven/scripts/compress-videos.sh,yes
2026-04-22,scripts,/Users/steven/scripts/configure_python_default.sh,/Users/steven/scripts/configure-python-default.sh,yes
2026-04-22,scripts,/Users/steven/scripts/consolidate_business_ecosystem.sh,/Users/steven/scripts/consolidate-business-ecosystem.sh,yes
2026-04-22,scripts,/Users/steven/scripts/consolidate_into_masterxeo.sh,/Users/steven/scripts/consolidate-into-masterxeo.sh,yes
2026-04-22,scripts,/Users/steven/scripts/consolidate_marketmaster.sh,/Users/steven/scripts/consolidate-marketmaster.sh,yes
2026-04-22,scripts,/Users/steven/scripts/consolidate_remaining_gumroad.sh,/Users/steven/scripts/consolidate-remaining-gumroad.sh,yes
2026-04-22,scripts,/Users/steven/scripts/consolidation_ai_setup.sh,/Users/steven/scripts/consolidation-ai-setup.sh,yes
2026-04-22,scripts,/Users/steven/scripts/consolidation_preview.sh,/Users/steven/scripts/consolidation-preview.sh,yes
2026-04-22,scripts,/Users/steven/scripts/consolidation_setup.sh,/Users/steven/scripts/consolidation-setup.sh,yes
2026-04-22,scripts,/Users/steven/scripts/content_aware_rename.sh,/Users/steven/scripts/content-aware-rename.sh,yes
2026-04-22,scripts,/Users/steven/scripts/content_quality_analyzer.sh,/Users/steven/scripts/content-quality-analyzer.sh,yes
2026-04-22,scripts,/Users/steven/scripts/conversation_fuzzy_finder.sh,/Users/steven/scripts/conversation-fuzzy-finder.sh,yes
2026-04-22,scripts,/Users/steven/scripts/avatararts_content_aware_consolidation_script.sh,/Users/steven/scripts/avatararts-content-aware-consolidation-script.sh,yes
2026-04-22,scripts,/Users/steven/scripts/bulk_download.sh,/Users/steven/scripts/bulk-download.sh,yes
2026-04-22,scripts,/Users/steven/scripts/convert_to_mp3.sh,/Users/steven/scripts/convert-to-mp3.sh,yes
2026-04-22,scripts,/Users/steven/scripts/convert_to_webp.sh,/Users/steven/scripts/convert-to-webp.sh,yes
2026-04-22,scripts,/Users/steven/scripts/create_cleanup_csv.sh,/Users/steven/scripts/create-cleanup-csv.sh,yes
2026-04-22,scripts,/Users/steven/scripts/create_comprehensive_index.sh,/Users/steven/scripts/create-comprehensive-index.sh,yes
2026-04-22,scripts,/Users/steven/scripts/create_marketplace_structures.sh,/Users/steven/scripts/create-marketplace-structures.sh,yes
2026-04-22,scripts,/Users/steven/scripts/create_structure.sh,/Users/steven/scripts/create-structure.sh,yes
2026-04-22,scripts,/Users/steven/scripts/create_venv.sh,/Users/steven/scripts/create-venv.sh,yes
2026-04-22,scripts,/Users/steven/scripts/debug_moving_files.sh,/Users/steven/scripts/debug-moving-files.sh,yes
2026-04-22,scripts,/Users/steven/scripts/deepindex_examples.sh,/Users/steven/scripts/deepindex-examples.sh,yes
2026-04-22,scripts,/Users/steven/scripts/deploy_quantumforgelabs.sh,/Users/steven/scripts/deploy-quantumforgelabs.sh,yes
2026-04-22,scripts,/Users/steven/scripts/disk_cleanup_analysis.sh,/Users/steven/scripts/disk-cleanup-analysis.sh,yes
2026-04-22,scripts,/Users/steven/scripts/download_new_files.sh,/Users/steven/scripts/download-new-files.sh,yes
2026-04-22,scripts,/Users/steven/scripts/efficient_git_cleanup.sh,/Users/steven/scripts/efficient-git-cleanup.sh,yes
2026-04-22,scripts,/Users/steven/scripts/elasticsearch_setup.sh,/Users/steven/scripts/elasticsearch-setup.sh,yes
2026-04-22,scripts,/Users/steven/scripts/enhanced_cleanup.sh,/Users/steven/scripts/enhanced-cleanup.sh,yes
2026-04-22,scripts,/Users/steven/scripts/enhanced_encrypt_sensitive_env_files.sh,/Users/steven/scripts/enhanced-encrypt-sensitive-env-files.sh,yes
2026-04-22,scripts,/Users/steven/scripts/execute_special_cases.sh,/Users/steven/scripts/execute-special-cases.sh,yes
2026-04-22,scripts,/Users/steven/scripts/final_cleanup.sh,/Users/steven/scripts/final-cleanup.sh,yes
2026-04-22,scripts,/Users/steven/scripts/final-cleanup.sh,/Users/steven/scripts/pip-reinstall-ai.sh,yes
2026-04-22,scripts,/Users/steven/scripts/final_comprehensive_analysis.sh,/Users/steven/scripts/print-final-filesystem-analysis-summary.sh,yes
2026-04-22,scripts,/Users/steven/scripts/final_masterxeo_mapping.sh,/Users/steven/scripts/copy-files-into-masterxeo-framework.sh,yes
2026-04-22,scripts,/Users/steven/scripts/final_masterxeo_organization.sh,/Users/steven/scripts/generate-masterxeo-organization-report.sh,yes
2026-04-22,scripts,/Users/steven/scripts/finish_business_integration.sh,/Users/steven/scripts/integrate-masterxeo-into-marketmaster.sh,yes
2026-04-22,scripts,/Users/steven/scripts/fix_quicklook_conflicts.sh,/Users/steven/scripts/repair-quicklook-plugin-symlinks.sh,yes
2026-04-22,scripts,/Users/steven/scripts/fix_ts_content_type.sh,/Users/steven/scripts/force-typescript-files-text-content-type.sh,yes
2026-04-22,scripts,/Users/steven/scripts/fix_ts_quicklook.sh,/Users/steven/scripts/reset-quicklook-for-typescript-files.sh,yes
2026-04-22,scripts,/Users/steven/scripts/fix_ts_quicklook_final.sh,/Users/steven/scripts/finalize-typescript-quicklook-fix.sh,yes
2026-04-22,scripts,/Users/steven/scripts/fix_zip_preview.sh,/Users/steven/scripts/repair-zip-quicklook-preview.sh,yes
2026-04-22,scripts,/Users/steven/scripts/format_lost_files.sh,/Users/steven/scripts/filter-lost-file-path-list.sh,yes
2026-04-22,scripts,/Users/steven/scripts/format_lost_files_corrected.sh,/Users/steven/scripts/filter-lost-file-path-list-corrected.sh,yes
2026-04-22,scripts,/Users/steven/scripts/gallery_batch_process.sh,/Users/steven/scripts/run-gallery-batch-init-build.sh,yes
2026-04-22,scripts,/Users/steven/scripts/generate_csv.sh,/Users/steven/scripts/generate-file-inventory-csv.sh,yes
2026-04-22,scripts,/Users/steven/scripts/grok_integration.sh,/Users/steven/scripts/setup-grok-cli-aliases.sh,yes
2026-04-22,scripts,/Users/steven/scripts/implement_intuitive_organization.sh,/Users/steven/scripts/implement-three-folder-home-organization.sh,yes
2026-04-22,scripts,/Users/steven/scripts/improve_logging.sh,/Users/steven/scripts/add-logging-functions-to-scripts.sh,yes
2026-04-22,scripts,/Users/steven/scripts/index_hidden_recent_files.sh,/Users/steven/scripts/index-hidden-and-recent-home-files.sh,yes
2026-04-22,scripts,/Users/steven/scripts/init_spend_analysis.sh,/Users/steven/scripts/scaffold-spend-analysis-pipeline.sh,yes
2026-04-22,scripts,/Users/steven/scripts/install_dependencies.sh,/Users/steven/scripts/recreate-venv-and-install-requirements.sh,yes
2026-04-22,scripts,/Users/steven/scripts/install_embeddings.sh,/Users/steven/scripts/install-ollama-embedding-models.sh,yes
2026-04-22,scripts,/Users/steven/scripts/install_general.sh,/Users/steven/scripts/install-ollama-general-models.sh,yes
2026-04-22,scripts,/Users/steven/scripts/install_miniforge_default.sh,/Users/steven/scripts/install-miniforge-default-env.sh,yes
2026-04-22,scripts,/Users/steven/scripts/install_reasoning.sh,/Users/steven/scripts/install-ollama-reasoning-models.sh,yes
2026-04-22,scripts,/Users/steven/scripts/install_safety.sh,/Users/steven/scripts/install-ollama-safety-models.sh,yes
2026-04-22,scripts,/Users/steven/scripts/install_vision.sh,/Users/steven/scripts/install-ollama-vision-models.sh,yes
2026-04-22,scripts,/Users/steven/scripts/integrate_systems.sh,/Users/steven/scripts/integrate-autotagger-mcphooker-whoosh.sh,yes
2026-04-22,scripts,/Users/steven/scripts/iterm2_full_tree.sh,/Users/steven/scripts/export-iterm2-full-tree.sh,yes
2026-04-22,scripts,/Users/steven/scripts/iterm2_tree_summary.sh,/Users/steven/scripts/summarize-iterm2-tree-export.sh,yes
2026-04-22,scripts,/Users/steven/scripts/library_cleanup.sh,/Users/steven/scripts/cleanup-macos-library-caches.sh,yes
2026-04-22,scripts,/Users/steven/scripts/list_packages.sh,/Users/steven/scripts/list-installed-package-managers.sh,yes
2026-04-22,scripts,/Users/steven/scripts/mac_analyze_report.sh,/Users/steven/scripts/generate-mac-analysis-report.sh,yes
2026-04-22,scripts,/Users/steven/scripts/mac_diag.sh,/Users/steven/scripts/run-mac-diagnostics.sh,yes
2026-04-22,scripts,/Users/steven/scripts/make_cvs_snapshot.sh,/Users/steven/scripts/create-csv-snapshot.sh,yes
2026-04-22,scripts,/Users/steven/scripts/marketmaster_complete_guide.sh,/Users/steven/scripts/generate-marketmaster-complete-guide.sh,yes
2026-04-22,scripts,/Users/steven/scripts/marketmaster_final_guide.sh,/Users/steven/scripts/generate-marketmaster-final-guide.sh,yes
2026-04-22,scripts,/Users/steven/scripts/marketmaster_nav.sh,/Users/steven/scripts/open-marketmaster-navigation.sh,yes
2026-04-22,scripts,/Users/steven/scripts/master_optimize.sh,/Users/steven/scripts/run-master-optimization.sh,yes
2026-04-22,scripts,/Users/steven/scripts/master_script_manager.sh,/Users/steven/scripts/run-master-script-manager.sh,yes
2026-04-22,scripts,/Users/steven/scripts/masterxeo_consolidation.sh,/Users/steven/scripts/consolidate-masterxeo-assets.sh,yes
2026-04-22,scripts,/Users/steven/scripts/intuitive_organization_demo.sh,,removed
2026-04-22T15:21:14-0400,mcp_diagnostic.sh,run-mcp-diagnostics.sh,RENAMED,shim_preserved_and_syntax_ok
2026-04-22T15:21:14-0400,mcp_token_helper.sh,manage-mcp-tokens.sh,RENAMED,shim_preserved_and_syntax_ok
2026-04-22T15:21:14-0400,merge_and_organize_drives.sh,merge-and-organize-drive-content.sh,RENAMED,shim_preserved_and_syntax_ok
2026-04-22T15:21:14-0400,merge_diff.sh,merge-diff-reports.sh,RENAMED,shim_preserved_and_syntax_ok
2026-04-22T15:21:14-0400,merge_similar_markdown.sh,merge-similar-markdown-files.sh,RENAMED,shim_preserved_and_syntax_ok
2026-04-22T15:21:14-0400,migrate_to_mamba.sh,migrate-python-envs-to-mamba.sh,RENAMED,shim_preserved_and_syntax_ok
2026-04-22T15:21:14-0400,migration_script.sh,run-filesystem-migration.sh,RENAMED,shim_preserved_and_syntax_ok
2026-04-22T15:21:14-0400,ml_models_setup.sh,setup-ml-model-environment.sh,RENAMED,shim_preserved_and_syntax_ok
2026-04-22T15:21:14-0400,model_picker.sh,select-ai-model-profile.sh,RENAMED,shim_preserved_and_syntax_ok
2026-04-22T15:21:14-0400,move_claude_dirs.sh,move-claude-directories.sh,RENAMED,shim_preserved_and_syntax_ok
2026-04-22T15:21:14-0400,move_marketplace_docs.sh,move-marketplace-docs.sh,RENAMED,shim_preserved_and_syntax_ok
2026-04-22T15:21:14-0400,mp3_batch.sh,batch-process-mp3-files.sh,RENAMED,shim_preserved_and_syntax_ok
2026-04-22T15:21:14-0400,noi_data_checker.sh,check-noi-data.sh,RENAMED,shim_preserved_and_syntax_ok
2026-04-22T15:21:14-0400,noi_data_checker_with_links.sh,check-noi-data-with-links.sh,RENAMED,shim_preserved_and_syntax_ok
2026-04-22T15:21:14-0400,ollama_menu.sh,ollama-model-menu.sh,RENAMED,shim_preserved_and_syntax_ok
2026-04-22T15:21:14-0400,open_clipboard_navigation.sh,open-clipboard-navigation-ui.sh,RENAMED,shim_preserved_and_syntax_ok
2026-04-22T15:21:14-0400,organize_documents.sh,organize-documents-by-rules.sh,RENAMED,shim_preserved_and_syntax_ok
2026-04-22T15:21:14-0400,preview_comprehensive_inventory.sh,preview-comprehensive-inventory-report.sh,RENAMED,shim_preserved_and_syntax_ok
2026-04-22T15:21:14-0400,preview_intuitive_organization.sh,preview-three-folder-organization-plan.sh,RENAMED,shim_preserved_and_syntax_ok
2026-04-22T15:21:14-0400,process_music_legacy_copy.sh,process-music-analysis-legacy-copy.sh,RENAMED,shim_preserved_and_syntax_ok
2026-04-22T15:23:40-0400,professional_format_automation.sh,format-project-docs-professional.sh,RENAMED,shim_preserved_and_syntax_ok
2026-04-22T15:23:40-0400,purge_launchctl_overrides_delta.sh,purge-launchctl-nonapple-overrides.sh,RENAMED,shim_preserved_and_syntax_ok
2026-04-22T15:23:40-0400,quick_hidden_recent_scan.sh,scan-hidden-and-recent-home-files.sh,RENAMED,shim_preserved_and_syntax_ok
2026-04-22T15:23:40-0400,regenerate_carbon.sh,regenerate-carbon-images.sh,RENAMED,shim_preserved_and_syntax_ok
2026-04-22T15:23:40-0400,remove_phase1_safe.sh,remove-duplicate-python-files-phase1-safe.sh,RENAMED,shim_preserved_and_syntax_ok
2026-04-22T15:23:40-0400,remove_phase2_review.sh,review-and-remove-duplicate-python-files-phase2.sh,RENAMED,shim_preserved_and_syntax_ok
2026-04-22T15:23:40-0400,resolve_lost_files.sh,organize-masterxeo-lost-files.sh,RENAMED,shim_preserved_and_syntax_ok
2026-04-22T15:23:40-0400,resolve_lost_files_complete.sh,organize-masterxeo-lost-files-complete.sh,RENAMED,shim_preserved_and_syntax_ok
2026-04-22T15:23:40-0400,restore_autotagger_state.sh,restore-autotagger-environment-reference.sh,RENAMED,shim_preserved_and_syntax_ok
2026-04-22T15:23:40-0400,revert_documents_organization.sh,revert-documents-organization-from-csv.sh,RENAMED,shim_preserved_and_syntax_ok
2026-04-22T15:23:40-0400,rsnapshot_if_mounted.sh,run-rsnapshot-if-mounted.sh,RENAMED,shim_preserved_and_syntax_ok
2026-04-22T15:23:40-0400,run_agent.sh,run-chatgpt-agent.sh,RENAMED,shim_preserved_and_syntax_ok
2026-04-22T15:23:40-0400,run_backup.sh,backup-nocturnemelodies-collection.sh,RENAMED,shim_preserved_and_syntax_ok
2026-04-22T15:23:40-0400,run_ecosystem_agent.sh,run-ecosystem-agent-manager.sh,RENAMED,shim_preserved_and_syntax_ok
2026-04-22T15:23:40-0400,run_final_whisper_to_csv.sh,run-whisper-text-to-csv-export.sh,RENAMED,shim_preserved_and_syntax_ok
2026-04-22T15:23:40-0400,run_generate_advanced_meta_csv.sh,generate-advanced-scripts-meta-csv.sh,RENAMED,shim_preserved_and_syntax_ok
2026-04-22T15:23:40-0400,run_multi_analysis.sh,run-multi-folder-analysis.sh,RENAMED,shim_preserved_and_syntax_ok
2026-04-22T15:23:40-0400,run_python_improvements.sh,run-python-ecosystem-improvements.sh,RENAMED,shim_preserved_and_syntax_ok
2026-04-22T15:23:40-0400,run_split_examples.sh,split-audio-example-files.sh,RENAMED,shim_preserved_and_syntax_ok
2026-04-22T15:23:40-0400,run_volume_analysis_batch.sh,run-volume-analysis-batch.sh,RENAMED,shim_preserved_and_syntax_ok
2026-04-22T15:26:47-0400,APPLY_STYLES_AND_IMPROVEMENTS.sh,,REMOVED,legacy_wrapper_deleted
2026-04-22T15:26:47-0400,AVATARARTS_RESTRUCTURE_VERIFY.sh,,REMOVED,legacy_wrapper_deleted
2026-04-22T15:26:47-0400,AVATARARTS_RESTRUCTURING_MASTER.sh,,REMOVED,legacy_wrapper_deleted
2026-04-22T15:26:47-0400,CONVERT_TO_STATIC_HTML.sh,,REMOVED,legacy_wrapper_deleted
2026-04-22T15:26:47-0400,EXECUTE_COMPLETE_ECOSYSTEM_SCAN.sh,,REMOVED,legacy_wrapper_deleted
2026-04-22T15:26:47-0400,INTEGRATE_STYLES_INTO_PROJECTS.sh,,REMOVED,legacy_wrapper_deleted
2026-04-22T15:26:47-0400,MASTER_ORGANIZATION_SCRIPT.sh,,REMOVED,legacy_wrapper_deleted
2026-04-22T15:26:47-0400,QUICK_FIX_COMMANDS.sh,,REMOVED,legacy_wrapper_deleted
2026-04-22T15:26:47-0400,RUN_ALL_PROJECTS.sh,,REMOVED,legacy_wrapper_deleted
2026-04-22T15:26:47-0400,RUN_STATIC_SERVER.sh,,REMOVED,legacy_wrapper_deleted
2026-04-22T15:26:47-0400,RUN_ULTRA_DEEP_ANALYSIS.sh,,REMOVED,legacy_wrapper_deleted
2026-04-22T15:26:47-0400,SETUP_ALL_PROJECTS_WITH_STYLES.sh,,REMOVED,legacy_wrapper_deleted
2026-04-22T15:26:47-0400,START_HERE.sh,,REMOVED,legacy_wrapper_deleted
2026-04-22T15:26:47-0400,add_error_handling.sh,,REMOVED,legacy_wrapper_deleted
2026-04-22T15:26:47-0400,advanced_png_optimize.sh,,REMOVED,legacy_wrapper_deleted
2026-04-22T15:26:47-0400,ai_tools_menu_simple.sh,,REMOVED,legacy_wrapper_deleted
2026-04-22T15:26:47-0400,ai_unified_menu.sh,,REMOVED,legacy_wrapper_deleted
2026-04-22T15:26:47-0400,analysis_launcher.sh,,REMOVED,legacy_wrapper_deleted
2026-04-22T15:26:47-0400,analyze_and_integrate_clean.sh,,REMOVED,legacy_wrapper_deleted
2026-04-22T15:26:47-0400,analyze_drive_content.sh,,REMOVED,legacy_wrapper_deleted
2026-04-22T15:27:53-0400,APPLY_STYLES_AND_IMPROVEMENTS.sh,apply-styles-and-improvements.sh,RESTORED,wrapper_recreated
2026-04-22T15:27:53-0400,AVATARARTS_RESTRUCTURE_VERIFY.sh,avatararts-restructure-verify.sh,RESTORED,wrapper_recreated
2026-04-22T15:27:53-0400,AVATARARTS_RESTRUCTURING_MASTER.sh,avatararts-restructuring-master.sh,RESTORED,wrapper_recreated
2026-04-22T15:27:53-0400,CONVERT_TO_STATIC_HTML.sh,convert-to-static-html.sh,RESTORED,wrapper_recreated
2026-04-22T15:27:53-0400,EXECUTE_COMPLETE_ECOSYSTEM_SCAN.sh,execute-complete-ecosystem-scan.sh,RESTORED,wrapper_recreated
2026-04-22T15:27:53-0400,INTEGRATE_STYLES_INTO_PROJECTS.sh,integrate-styles-into-projects.sh,RESTORED,wrapper_recreated
2026-04-22T15:27:53-0400,MASTER_ORGANIZATION_SCRIPT.sh,master-home-organization.sh,RESTORED,wrapper_recreated
2026-04-22T15:27:53-0400,QUICK_FIX_COMMANDS.sh,package-manager-quick-fix-commands.sh,RESTORED,wrapper_recreated
2026-04-22T15:27:53-0400,RUN_ALL_PROJECTS.sh,run-all-static-projects.sh,RESTORED,wrapper_recreated
2026-04-22T15:27:53-0400,RUN_STATIC_SERVER.sh,run-static-server.sh,RESTORED,wrapper_recreated
2026-04-22T15:27:53-0400,RUN_ULTRA_DEEP_ANALYSIS.sh,run-ultra-deep-analysis.sh,RESTORED,wrapper_recreated
2026-04-22T15:27:53-0400,SETUP_ALL_PROJECTS_WITH_STYLES.sh,setup-all-projects-with-styles.sh,RESTORED,wrapper_recreated
2026-04-22T15:27:53-0400,START_HERE.sh,analysis-toolkit-start-here.sh,RESTORED,wrapper_recreated
2026-04-22T15:27:53-0400,add_error_handling.sh,add-error-handling.sh,RESTORED,wrapper_recreated
2026-04-22T15:27:53-0400,advanced_png_optimize.sh,advanced-png-optimize.sh,RESTORED,wrapper_recreated
2026-04-22T15:27:53-0400,ai_tools_menu_simple.sh,ai-tools-menu-simple.sh,RESTORED,wrapper_recreated
2026-04-22T15:27:53-0400,ai_unified_menu.sh,ai-unified-menu.sh,RESTORED,wrapper_recreated
2026-04-22T15:27:53-0400,analysis_launcher.sh,analysis-launcher.sh,RESTORED,wrapper_recreated
2026-04-22T15:27:53-0400,analyze_and_integrate_clean.sh,analyze-clean-system-and-integrate-masterxeo.sh,RESTORED,wrapper_recreated
2026-04-22T15:27:53-0400,analyze_drive_content.sh,analyze-drive-content.sh,RESTORED,wrapper_recreated
2026-04-22T15:44:08-0400,copy-files-into-masterxeo-framework.sh,map-files-into-masterxeo-framework.sh,RENAMED,shim_preserved_and_syntax_ok
2026-04-22T15:44:08-0400,copy-input-to-clipboard.sh,copy-file-or-text-to-clipboard.sh,RENAMED,shim_preserved_and_syntax_ok
2026-04-22T15:44:08-0400,process-music-analysis-legacy-copy.sh,process-mp3-transcribe-analyze-legacy.sh,RENAMED,shim_preserved_and_syntax_ok
2026-04-22T15:44:08-0400,process-music-and-create-video-v2.sh,process-mp4-transcribe-analyze-create-video-v2.sh,RENAMED,shim_preserved_and_syntax_ok
2026-04-22T15:44:08-0400,review-and-remove-duplicate-python-files-phase2.sh,remove-duplicate-python-files-phase2-with-review.sh,RENAMED,shim_preserved_and_syntax_ok
2026-04-22T15:44:08-0400,safe_duplicate_removal.sh,remove-duplicate-files-safe-phase1.sh,RENAMED,shim_preserved_and_syntax_ok
2026-04-22T15:44:08-0400,seo_optimization_automation.sh,automate-seo-optimization.sh,RENAMED,shim_preserved_and_syntax_ok
2026-04-22T15:44:08-0400,setup_dev.sh,setup-development-environment.sh,RENAMED,shim_preserved_and_syntax_ok
2026-04-22T15:44:08-0400,sftp_sync.sh,sync-sftp-mirror.sh,RENAMED,shim_preserved_and_syntax_ok
2026-04-22T15:44:08-0400,simple_content_analyzer.sh,analyze-markdown-content-simple.sh,RENAMED,shim_preserved_and_syntax_ok
2026-04-22T15:44:08-0400,simple_masterxeo_consolidation.sh,consolidate-masterxeo-simple.sh,RENAMED,shim_preserved_and_syntax_ok
2026-04-22T15:44:08-0400,sip_disk_repair.sh,repair-disk-with-sip-workflow.sh,RENAMED,shim_preserved_and_syntax_ok
2026-04-22T15:44:08-0400,split_tall_images.sh,split-tall-images-into-sections.sh,RENAMED,shim_preserved_and_syntax_ok
2026-04-22T15:44:08-0400,split_video_for_youtube.sh,split-video-for-youtube-shorts.sh,RENAMED,shim_preserved_and_syntax_ok
2026-04-22T15:44:08-0400,standardize_shebangs.sh,standardize-script-shebang-lines.sh,RENAMED,shim_preserved_and_syntax_ok
2026-04-22T15:44:08-0400,start_analytics.sh,start-suno-analytics-jupyter.sh,RENAMED,shim_preserved_and_syntax_ok
2026-04-22T15:44:08-0400,steven_website_generator.sh,generate-steven-website-project.sh,RENAMED,shim_preserved_and_syntax_ok
2026-04-22T15:44:08-0400,test_improvements.sh,run-improvements-test-suite.sh,RENAMED,shim_preserved_and_syntax_ok
2026-04-22T15:44:08-0400,test_rename_10.sh,test-first-10-rename-rules.sh,RENAMED,shim_preserved_and_syntax_ok
2026-04-22T15:44:08-0400,test_ts_quicklook.sh,test-typescript-quicklook-support.sh,RENAMED,shim_preserved_and_syntax_ok
2026-04-22T15:44:08-0400,tox_install_command.sh,install-tox-command.sh,RENAMED,shim_preserved_and_syntax_ok
2026-04-22T15:44:08-0400,ultra_simple_demo.sh,run-ultra-simple-demo-script.sh,RENAMED,shim_preserved_and_syntax_ok
2026-04-22T15:44:08-0400,uninstall_coding.sh,uninstall-ollama-coding-models.sh,RENAMED,shim_preserved_and_syntax_ok
2026-04-22T15:44:08-0400,uninstall_embeddings.sh,uninstall-ollama-embedding-models.sh,RENAMED,shim_preserved_and_syntax_ok
2026-04-22T15:44:08-0400,uninstall_general.sh,uninstall-ollama-general-models.sh,RENAMED,shim_preserved_and_syntax_ok
2026-04-22T15:44:08-0400,uninstall_reasoning.sh,uninstall-ollama-reasoning-models.sh,RENAMED,shim_preserved_and_syntax_ok
2026-04-22T15:44:08-0400,uninstall_safety.sh,uninstall-ollama-safety-models.sh,RENAMED,shim_preserved_and_syntax_ok
2026-04-22T15:44:08-0400,uninstall_vision.sh,uninstall-ollama-vision-models.sh,RENAMED,shim_preserved_and_syntax_ok
2026-04-22T15:44:08-0400,verify_integration.sh,verify-masterxeo-integration-links.sh,RENAMED,shim_preserved_and_syntax_ok
2026-04-22T15:44:08-0400,webm_to_mp3.sh,convert-webm-list-to-mp3.sh,RENAMED,shim_preserved_and_syntax_ok
2026-04-22T15:44:08-0400,webp_to_jpeg.sh,convert-webp-folder-to-jpeg-300dpi.sh,RENAMED,shim_preserved_and_syntax_ok
2026-04-22T15:44:08-0400,zshrc_audit.sh,audit-zshrc-environment-dependencies.sh,RENAMED,shim_preserved_and_syntax_ok
2026-04-22T15:44:08-0400,zshrc_debug_questions.sh,zshrc-debug-questionnaire.sh,RENAMED,shim_preserved_and_syntax_ok
2026-04-22T15:44:08-0400,zshrc_manager.sh,manage-zshrc-config-profiles.sh,RENAMED,shim_preserved_and_syntax_ok
2026-04-22T15:44:08-0400,zshrc_performance_analyzer.sh,analyze-zshrc-startup-performance.sh,RENAMED,shim_preserved_and_syntax_ok
2026-04-22T15:44:08-0400,zshrc_quick_fix.sh,apply-zshrc-auto-venv-quick-fix.sh,RENAMED,shim_preserved_and_syntax_ok
2026-04-22T15:44:08-0400,up.sh,run-system-update-maintenance-shortcut.sh,RENAMED,shim_preserved_and_syntax_ok
2026-04-22T15:44:08-0400,down.sh,run-download-images-from-csv-shortcut.sh,RENAMED,shim_preserved_and_syntax_ok
2026-04-22T15:44:08-0400,trans.sh,run-transcribe-media-whisper-gpt-shortcut.sh,RENAMED,shim_preserved_and_syntax_ok
2026-04-22T15:44:08-0400,web.sh,run-convert-gallery-images-300dpi-shortcut.sh,RENAMED,shim_preserved_and_syntax_ok
2026-04-22T15:45:48-0400,APPLY_STYLES_AND_IMPROVEMENTS.sh,run-apply-styles-and-improvements-shortcut.sh,RENAMED,shim_preserved_and_syntax_ok
2026-04-22T15:45:48-0400,AVATARARTS_RESTRUCTURE_VERIFY.sh,run-avatararts-restructure-verify-shortcut.sh,RENAMED,shim_preserved_and_syntax_ok
2026-04-22T15:45:48-0400,AVATARARTS_RESTRUCTURING_MASTER.sh,run-avatararts-restructuring-master-shortcut.sh,RENAMED,shim_preserved_and_syntax_ok
2026-04-22T15:45:48-0400,CONVERT_TO_STATIC_HTML.sh,run-convert-to-static-html-shortcut.sh,RENAMED,shim_preserved_and_syntax_ok
2026-04-22T15:45:48-0400,EXECUTE_COMPLETE_ECOSYSTEM_SCAN.sh,run-execute-complete-ecosystem-scan-shortcut.sh,RENAMED,shim_preserved_and_syntax_ok
2026-04-22T15:45:48-0400,INTEGRATE_STYLES_INTO_PROJECTS.sh,run-integrate-styles-into-projects-shortcut.sh,RENAMED,shim_preserved_and_syntax_ok
2026-04-22T15:45:48-0400,MASTER_ORGANIZATION_SCRIPT.sh,run-master-home-organization-shortcut.sh,RENAMED,shim_preserved_and_syntax_ok
2026-04-22T15:45:48-0400,QUICK_FIX_COMMANDS.sh,run-package-manager-quick-fix-commands-shortcut.sh,RENAMED,shim_preserved_and_syntax_ok
2026-04-22T15:45:48-0400,RUN_ALL_PROJECTS.sh,run-all-static-projects-shortcut.sh,RENAMED,shim_preserved_and_syntax_ok
2026-04-22T15:45:48-0400,RUN_STATIC_SERVER.sh,run-static-server-shortcut.sh,RENAMED,shim_preserved_and_syntax_ok
2026-04-22T15:45:48-0400,RUN_ULTRA_DEEP_ANALYSIS.sh,run-ultra-deep-analysis-shortcut.sh,RENAMED,shim_preserved_and_syntax_ok
2026-04-22T15:45:48-0400,SETUP_ALL_PROJECTS_WITH_STYLES.sh,run-setup-all-projects-with-styles-shortcut.sh,RENAMED,shim_preserved_and_syntax_ok
2026-04-22T15:45:48-0400,START_HERE.sh,run-analysis-toolkit-start-here-shortcut.sh,RENAMED,shim_preserved_and_syntax_ok
2026-04-22T15:45:48-0400,add_error_handling.sh,run-add-error-handling-shortcut.sh,RENAMED,shim_preserved_and_syntax_ok
2026-04-22T15:45:48-0400,advanced_png_optimize.sh,run-advanced-png-optimize-shortcut.sh,RENAMED,shim_preserved_and_syntax_ok
2026-04-22T15:45:48-0400,ai_tools_menu_simple.sh,run-ai-tools-menu-simple-shortcut.sh,RENAMED,shim_preserved_and_syntax_ok
2026-04-22T15:45:48-0400,ai_unified_menu.sh,run-ai-unified-menu-shortcut.sh,RENAMED,shim_preserved_and_syntax_ok
2026-04-22T15:45:48-0400,analysis_launcher.sh,run-analysis-launcher-shortcut.sh,RENAMED,shim_preserved_and_syntax_ok
2026-04-22T15:45:48-0400,analyze_and_integrate_clean.sh,run-analyze-clean-system-integrate-masterxeo-shortcut.sh,RENAMED,shim_preserved_and_syntax_ok
2026-04-22T15:45:48-0400,analyze_drive_content.sh,run-analyze-drive-content-shortcut.sh,RENAMED,shim_preserved_and_syntax_ok
2026-04-22T15:45:48-0400,analyze_folder_contents.sh,run-analyze-folder-contents-shortcut.sh,RENAMED,shim_preserved_and_syntax_ok
2026-04-22T15:45:48-0400,analyze_inventory.sh,run-analyze-inventory-shortcut.sh,RENAMED,shim_preserved_and_syntax_ok
2026-04-22T15:45:48-0400,analyze_local_dirs.sh,run-analyze-local-dirs-shortcut.sh,RENAMED,shim_preserved_and_syntax_ok
2026-04-22T15:45:48-0400,archive_etsy.sh,run-archive-etsy-shortcut.sh,RENAMED,shim_preserved_and_syntax_ok
2026-04-22T15:45:48-0400,audio_metadata_csv.sh,run-audio-metadata-csv-shortcut.sh,RENAMED,shim_preserved_and_syntax_ok
2026-04-22T15:45:48-0400,audio_metadata_with_lufs.sh,run-audio-metadata-with-lufs-shortcut.sh,RENAMED,shim_preserved_and_syntax_ok
2026-04-22T15:45:48-0400,audit_python_project.sh,run-audit-python-project-shortcut.sh,RENAMED,shim_preserved_and_syntax_ok
2026-04-22T15:45:48-0400,auto_activate.sh,run-auto-activate-mamba-env-shortcut.sh,RENAMED,shim_preserved_and_syntax_ok
2026-04-22T15:45:48-0400,autotagger_launcher.sh,run-autotagger-launcher-shortcut.sh,RENAMED,shim_preserved_and_syntax_ok
2026-04-22T15:45:48-0400,avatararts_content_aware_consolidation_script.sh,run-avatararts-content-aware-consolidation-shortcut.sh,RENAMED,shim_preserved_and_syntax_ok
2026-04-22T15:45:48-0400,batch_drive_analysis.sh,run-batch-drive-analysis-shortcut.sh,RENAMED,shim_preserved_and_syntax_ok
2026-04-22T15:45:48-0400,bulk_download.sh,run-bulk-download-shortcut.sh,RENAMED,shim_preserved_and_syntax_ok
2026-04-22T15:45:48-0400,check_all_package_conflicts.sh,run-check-all-package-conflicts-shortcut.sh,RENAMED,shim_preserved_and_syntax_ok
2026-04-22T15:45:48-0400,check_env_keys.sh,run-check-env-keys-shortcut.sh,RENAMED,shim_preserved_and_syntax_ok
2026-04-22T15:45:48-0400,check_grok_setup.sh,run-check-grok-setup-shortcut.sh,RENAMED,shim_preserved_and_syntax_ok
2026-04-22T15:45:48-0400,check_quicklook_conflicts.sh,run-check-quicklook-conflicts-shortcut.sh,RENAMED,shim_preserved_and_syntax_ok
2026-04-22T15:45:48-0400,clean_directory_names.sh,run-clean-directory-names-shortcut.sh,RENAMED,shim_preserved_and_syntax_ok
2026-04-22T15:45:48-0400,clean_global_pip.sh,run-clean-global-pip-shortcut.sh,RENAMED,shim_preserved_and_syntax_ok
2026-04-22T15:45:48-0400,cleanup_git.sh,run-cleanup-git-shortcut.sh,RENAMED,shim_preserved_and_syntax_ok
2026-04-22T15:45:48-0400,clipboard_fuzzy_search.sh,run-clipboard-fuzzy-search-shortcut.sh,RENAMED,shim_preserved_and_syntax_ok
2026-04-22T15:59:28-0400,consolidation_ai_setup.sh,ai-setup-consollidation.sh,RENAMED,shim_preserved_and_syntax_ok
2026-04-22T15:59:28-0400,consolidation_preview.sh,preview-consolidation.sh,RENAMED,shim_preserved_and_syntax_ok
2026-04-22T15:59:28-0400,consolidation_setup.sh,setup-consolidation.sh,RENAMED,shim_preserved_and_syntax_ok
2026-04-22T16:03:32-0400,consolidation_preview.sh,preview-consolidation-dry-run.sh,RENAMED,shim_preserved_and_syntax_ok
2026-04-22T16:03:58-0400,consolidation_preview.sh,,REMOVED,shim_removed_per_user_request
2026-04-22T16:06:38-0400,APPLY_STYLES_AND_IMPROVEMENTS.sh,,REMOVED,shim_removed_new_names_only_mode
2026-04-22T16:06:38-0400,AVATARARTS_RESTRUCTURE_VERIFY.sh,,REMOVED,shim_removed_new_names_only_mode
2026-04-22T16:06:38-0400,AVATARARTS_RESTRUCTURING_MASTER.sh,,REMOVED,shim_removed_new_names_only_mode
2026-04-22T16:06:38-0400,CONVERT_TO_STATIC_HTML.sh,,REMOVED,shim_removed_new_names_only_mode
2026-04-22T16:06:38-0400,EXECUTE_COMPLETE_ECOSYSTEM_SCAN.sh,,REMOVED,shim_removed_new_names_only_mode
2026-04-22T16:06:38-0400,INTEGRATE_STYLES_INTO_PROJECTS.sh,,REMOVED,shim_removed_new_names_only_mode
2026-04-22T16:06:38-0400,MASTER_ORGANIZATION_SCRIPT.sh,,REMOVED,shim_removed_new_names_only_mode
2026-04-22T16:06:38-0400,QUICK_FIX_COMMANDS.sh,,REMOVED,shim_removed_new_names_only_mode
2026-04-22T16:06:38-0400,RUN_ALL_PROJECTS.sh,,REMOVED,shim_removed_new_names_only_mode
2026-04-22T16:06:38-0400,RUN_STATIC_SERVER.sh,,REMOVED,shim_removed_new_names_only_mode
2026-04-22T16:06:38-0400,RUN_ULTRA_DEEP_ANALYSIS.sh,,REMOVED,shim_removed_new_names_only_mode
2026-04-22T16:06:38-0400,SETUP_ALL_PROJECTS_WITH_STYLES.sh,,REMOVED,shim_removed_new_names_only_mode
2026-04-22T16:06:38-0400,START_HERE.sh,,REMOVED,shim_removed_new_names_only_mode
2026-04-22T16:06:38-0400,add_error_handling.sh,,REMOVED,shim_removed_new_names_only_mode
2026-04-22T16:06:38-0400,advanced_png_optimize.sh,,REMOVED,shim_removed_new_names_only_mode
2026-04-22T16:06:38-0400,ai_tools_menu_simple.sh,,REMOVED,shim_removed_new_names_only_mode
2026-04-22T16:06:38-0400,ai_unified_menu.sh,,REMOVED,shim_removed_new_names_only_mode
2026-04-22T16:06:38-0400,analysis_launcher.sh,,REMOVED,shim_removed_new_names_only_mode
2026-04-22T16:06:38-0400,analyze_and_integrate_clean.sh,,REMOVED,shim_removed_new_names_only_mode
2026-04-22T16:06:38-0400,analyze_drive_content.sh,,REMOVED,shim_removed_new_names_only_mode
2026-04-22T16:06:38-0400,analyze_folder_contents.sh,,REMOVED,shim_removed_new_names_only_mode
2026-04-22T16:06:38-0400,analyze_inventory.sh,,REMOVED,shim_removed_new_names_only_mode
2026-04-22T16:06:38-0400,analyze_local_dirs.sh,,REMOVED,shim_removed_new_names_only_mode
2026-04-22T16:06:38-0400,archive_etsy.sh,,REMOVED,shim_removed_new_names_only_mode
2026-04-22T16:06:38-0400,audio_metadata_csv.sh,,REMOVED,shim_removed_new_names_only_mode
2026-04-22T16:06:38-0400,audio_metadata_with_lufs.sh,,REMOVED,shim_removed_new_names_only_mode
2026-04-22T16:06:38-0400,audit_python_project.sh,,REMOVED,shim_removed_new_names_only_mode
2026-04-22T16:06:38-0400,auto_activate.sh,,REMOVED,shim_removed_new_names_only_mode
2026-04-22T16:06:38-0400,autotagger_launcher.sh,,REMOVED,shim_removed_new_names_only_mode
2026-04-22T16:06:38-0400,avatararts_content_aware_consolidation_script.sh,,REMOVED,shim_removed_new_names_only_mode
2026-04-22T16:06:38-0400,batch_drive_analysis.sh,,REMOVED,shim_removed_new_names_only_mode
2026-04-22T16:06:38-0400,bulk_download.sh,,REMOVED,shim_removed_new_names_only_mode
2026-04-22T16:06:38-0400,check_all_package_conflicts.sh,,REMOVED,shim_removed_new_names_only_mode
2026-04-22T16:06:38-0400,check_env_keys.sh,,REMOVED,shim_removed_new_names_only_mode
2026-04-22T16:06:38-0400,check_grok_setup.sh,,REMOVED,shim_removed_new_names_only_mode
2026-04-22T16:06:38-0400,check_quicklook_conflicts.sh,,REMOVED,shim_removed_new_names_only_mode
2026-04-22T16:06:38-0400,clean_directory_names.sh,,REMOVED,shim_removed_new_names_only_mode
2026-04-22T16:06:38-0400,clean_global_pip.sh,,REMOVED,shim_removed_new_names_only_mode
2026-04-22T16:06:38-0400,cleanup_git.sh,,REMOVED,shim_removed_new_names_only_mode
2026-04-22T16:06:38-0400,clipboard_fuzzy_search.sh,,REMOVED,shim_removed_new_names_only_mode
2026-04-22T16:06:38-0400,consolidation_ai_setup.sh,,REMOVED,shim_removed_new_names_only_mode
2026-04-22T16:06:38-0400,consolidation_setup.sh,,REMOVED,shim_removed_new_names_only_mode
2026-04-22T16:06:38-0400,copy-files-into-masterxeo-framework.sh,,REMOVED,shim_removed_new_names_only_mode
2026-04-22T16:06:38-0400,copy-input-to-clipboard.sh,,REMOVED,shim_removed_new_names_only_mode
2026-04-22T16:06:38-0400,down.sh,,REMOVED,shim_removed_new_names_only_mode
2026-04-22T16:06:38-0400,mcp_diagnostic.sh,,REMOVED,shim_removed_new_names_only_mode
2026-04-22T16:06:38-0400,mcp_token_helper.sh,,REMOVED,shim_removed_new_names_only_mode
2026-04-22T16:06:38-0400,merge_and_organize_drives.sh,,REMOVED,shim_removed_new_names_only_mode
2026-04-22T16:06:38-0400,merge_diff.sh,,REMOVED,shim_removed_new_names_only_mode
2026-04-22T16:06:38-0400,merge_similar_markdown.sh,,REMOVED,shim_removed_new_names_only_mode
2026-04-22T16:06:38-0400,migrate_to_mamba.sh,,REMOVED,shim_removed_new_names_only_mode
2026-04-22T16:06:38-0400,migration_script.sh,,REMOVED,shim_removed_new_names_only_mode
2026-04-22T16:06:38-0400,ml_models_setup.sh,,REMOVED,shim_removed_new_names_only_mode
2026-04-22T16:06:38-0400,model_picker.sh,,REMOVED,shim_removed_new_names_only_mode
2026-04-22T16:06:38-0400,move_claude_dirs.sh,,REMOVED,shim_removed_new_names_only_mode
2026-04-22T16:06:38-0400,move_marketplace_docs.sh,,REMOVED,shim_removed_new_names_only_mode
2026-04-22T16:06:38-0400,mp3_batch.sh,,REMOVED,shim_removed_new_names_only_mode
2026-04-22T16:06:38-0400,noi_data_checker.sh,,REMOVED,shim_removed_new_names_only_mode
2026-04-22T16:06:38-0400,noi_data_checker_with_links.sh,,REMOVED,shim_removed_new_names_only_mode
2026-04-22T16:06:38-0400,ollama_menu.sh,,REMOVED,shim_removed_new_names_only_mode
2026-04-22T16:06:38-0400,open_clipboard_navigation.sh,,REMOVED,shim_removed_new_names_only_mode
2026-04-22T16:06:38-0400,organize_documents.sh,,REMOVED,shim_removed_new_names_only_mode
2026-04-22T16:06:38-0400,preview-consolidation-dry-run.sh,,REMOVED,shim_removed_new_names_only_mode
2026-04-22T16:06:38-0400,preview_comprehensive_inventory.sh,,REMOVED,shim_removed_new_names_only_mode
2026-04-22T16:06:38-0400,preview_intuitive_organization.sh,,REMOVED,shim_removed_new_names_only_mode
2026-04-22T16:06:38-0400,process-music-analysis-legacy-copy.sh,,REMOVED,shim_removed_new_names_only_mode
2026-04-22T16:06:38-0400,process-music-and-create-video-v2.sh,,REMOVED,shim_removed_new_names_only_mode
2026-04-22T16:06:38-0400,process_music_legacy_copy.sh,,REMOVED,shim_removed_new_names_only_mode
2026-04-22T16:06:38-0400,professional_format_automation.sh,,REMOVED,shim_removed_new_names_only_mode
2026-04-22T16:06:38-0400,purge_launchctl_overrides_delta.sh,,REMOVED,shim_removed_new_names_only_mode
2026-04-22T16:06:38-0400,quick_hidden_recent_scan.sh,,REMOVED,shim_removed_new_names_only_mode
2026-04-22T16:06:38-0400,regenerate_carbon.sh,,REMOVED,shim_removed_new_names_only_mode
2026-04-22T16:06:38-0400,remove_phase1_safe.sh,,REMOVED,shim_removed_new_names_only_mode
2026-04-22T16:06:38-0400,remove_phase2_review.sh,,REMOVED,shim_removed_new_names_only_mode
2026-04-22T16:06:38-0400,resolve_lost_files.sh,,REMOVED,shim_removed_new_names_only_mode
2026-04-22T16:06:38-0400,resolve_lost_files_complete.sh,,REMOVED,shim_removed_new_names_only_mode
2026-04-22T16:06:38-0400,restore_autotagger_state.sh,,REMOVED,shim_removed_new_names_only_mode
2026-04-22T16:06:38-0400,revert_documents_organization.sh,,REMOVED,shim_removed_new_names_only_mode
2026-04-22T16:06:38-0400,review-and-remove-duplicate-python-files-phase2.sh,,REMOVED,shim_removed_new_names_only_mode
2026-04-22T16:06:38-0400,rsnapshot_if_mounted.sh,,REMOVED,shim_removed_new_names_only_mode
2026-04-22T16:06:38-0400,run_agent.sh,,REMOVED,shim_removed_new_names_only_mode
2026-04-22T16:06:38-0400,run_backup.sh,,REMOVED,shim_removed_new_names_only_mode
2026-04-22T16:06:38-0400,run_ecosystem_agent.sh,,REMOVED,shim_removed_new_names_only_mode
2026-04-22T16:06:38-0400,run_final_whisper_to_csv.sh,,REMOVED,shim_removed_new_names_only_mode
2026-04-22T16:06:38-0400,run_generate_advanced_meta_csv.sh,,REMOVED,shim_removed_new_names_only_mode
2026-04-22T16:06:38-0400,run_multi_analysis.sh,,REMOVED,shim_removed_new_names_only_mode
2026-04-22T16:06:38-0400,run_python_improvements.sh,,REMOVED,shim_removed_new_names_only_mode
2026-04-22T16:06:38-0400,run_split_examples.sh,,REMOVED,shim_removed_new_names_only_mode
2026-04-22T16:06:38-0400,run_volume_analysis_batch.sh,,REMOVED,shim_removed_new_names_only_mode
2026-04-22T16:06:38-0400,safe_duplicate_removal.sh,,REMOVED,shim_removed_new_names_only_mode
2026-04-22T16:06:38-0400,seo_optimization_automation.sh,,REMOVED,shim_removed_new_names_only_mode
2026-04-22T16:06:38-0400,setup_dev.sh,,REMOVED,shim_removed_new_names_only_mode
2026-04-22T16:06:38-0400,sftp_sync.sh,,REMOVED,shim_removed_new_names_only_mode
2026-04-22T16:06:38-0400,simple_content_analyzer.sh,,REMOVED,shim_removed_new_names_only_mode
2026-04-22T16:06:38-0400,simple_masterxeo_consolidation.sh,,REMOVED,shim_removed_new_names_only_mode
2026-04-22T16:06:38-0400,sip_disk_repair.sh,,REMOVED,shim_removed_new_names_only_mode
2026-04-22T16:06:38-0400,split_tall_images.sh,,REMOVED,shim_removed_new_names_only_mode
2026-04-22T16:06:38-0400,split_video_for_youtube.sh,,REMOVED,shim_removed_new_names_only_mode
2026-04-22T16:06:38-0400,standardize_shebangs.sh,,REMOVED,shim_removed_new_names_only_mode
2026-04-22T16:06:38-0400,start_analytics.sh,,REMOVED,shim_removed_new_names_only_mode
2026-04-22T16:06:38-0400,steven_website_generator.sh,,REMOVED,shim_removed_new_names_only_mode
2026-04-22T16:06:38-0400,test_improvements.sh,,REMOVED,shim_removed_new_names_only_mode
2026-04-22T16:06:38-0400,test_rename_10.sh,,REMOVED,shim_removed_new_names_only_mode
2026-04-22T16:06:38-0400,test_ts_quicklook.sh,,REMOVED,shim_removed_new_names_only_mode
2026-04-22T16:06:38-0400,tox_install_command.sh,,REMOVED,shim_removed_new_names_only_mode
2026-04-22T16:06:38-0400,trans.sh,,REMOVED,shim_removed_new_names_only_mode
2026-04-22T16:06:38-0400,ultra_simple_demo.sh,,REMOVED,shim_removed_new_names_only_mode
2026-04-22T16:06:38-0400,uninstall_coding.sh,,REMOVED,shim_removed_new_names_only_mode
2026-04-22T16:06:38-0400,uninstall_embeddings.sh,,REMOVED,shim_removed_new_names_only_mode
2026-04-22T16:06:38-0400,uninstall_general.sh,,REMOVED,shim_removed_new_names_only_mode
2026-04-22T16:06:38-0400,uninstall_reasoning.sh,,REMOVED,shim_removed_new_names_only_mode
2026-04-22T16:06:38-0400,uninstall_safety.sh,,REMOVED,shim_removed_new_names_only_mode
2026-04-22T16:06:38-0400,uninstall_vision.sh,,REMOVED,shim_removed_new_names_only_mode
2026-04-22T16:06:38-0400,up.sh,,REMOVED,shim_removed_new_names_only_mode
2026-04-22T16:06:38-0400,verify_integration.sh,,REMOVED,shim_removed_new_names_only_mode
2026-04-22T16:06:38-0400,web.sh,,REMOVED,shim_removed_new_names_only_mode
2026-04-22T16:06:38-0400,webm_to_mp3.sh,,REMOVED,shim_removed_new_names_only_mode
2026-04-22T16:06:38-0400,webp_to_jpeg.sh,,REMOVED,shim_removed_new_names_only_mode
2026-04-22T16:06:38-0400,zshrc_audit.sh,,REMOVED,shim_removed_new_names_only_mode
2026-04-22T16:06:38-0400,zshrc_debug_questions.sh,,REMOVED,shim_removed_new_names_only_mode
2026-04-22T16:06:38-0400,zshrc_manager.sh,,REMOVED,shim_removed_new_names_only_mode
2026-04-22T16:06:38-0400,zshrc_performance_analyzer.sh,,REMOVED,shim_removed_new_names_only_mode
2026-04-22T16:06:38-0400,zshrc_quick_fix.sh,,REMOVED,shim_removed_new_names_only_mode
2026-04-22T16:07:27-0400,preview-consolidation.sh,preview-consolidation-dry-run.sh,RENAMED,no_shim_new_names_only_mode
